id,co_code,product_code,product_sort,finance_code,report_date,create_time,update_time,
153829,1301000035,1113000068,1,126600725,2020/12/31 0:00:00,2021/3/19 19:52:30,2021/3/19 19:52:30,
153830,1301000035,1140007238,2,226600725,2020/12/31 0:00:00,2021/3/19 19:52:30,2021/3/19 19:52:30,
153831,1301000035,1111000018,3,226600725,2020/12/31 0:00:00,2021/3/19 19:52:30,2021/3/19 19:52:30,
153844,1301000058,1140070347,1,126603505,2020/12/31 0:00:00,2021/3/19 19:52:30,2021/3/19 19:52:30,
153845,1301000058,1140070348,2,226603505,2020/12/31 0:00:00,2021/3/19 19:52:30,2021/3/19 19:52:30,
153846,1301000058,1140070349,3,326603505,2020/12/31 0:00:00,2021/3/19 19:52:30,2021/3/19 19:52:30,
153965,1301004258,1140144645,1,125605086,2020/6/30 0:00:00,2021/3/22 14:08:24,2021/3/22 14:08:24,
153966,1301004258,1140124492,2,225605086,2020/6/30 0:00:00,2021/3/22 14:08:24,2021/3/22 14:08:24,
153967,1301004258,1140144647,3,225605086,2020/6/30 0:00:00,2021/3/22 14:08:24,2021/3/22 14:08:24,
153968,1301004258,1140144646,4,325605086,2020/6/30 0:00:00,2021/3/22 14:08:24,2021/3/22 14:08:24,
154215,1301000004,1111000106,1,126000655,2020/12/31 0:00:00,2021/3/24 15:59:28,2021/3/24 15:59:28,
154216,1301000004,1111000108,2,226000655,2020/12/31 0:00:00,2021/3/24 15:59:28,2021/3/24 15:59:28,
154217,1301000004,1111000107,3,426000655,2020/12/31 0:00:00,2021/3/24 15:59:28,2021/3/24 15:59:28,
154218,1301000004,1140059840,4,426000655,2020/12/31 0:00:00,2021/3/24 15:59:28,2021/3/24 15:59:28,
154219,1301000004,1140032779,5,426000655,2020/12/31 0:00:00,2021/3/24 15:59:28,2021/3/24 15:59:28,
154220,1301000004,1140079473,6,426000655,2020/12/31 0:00:00,2021/3/24 15:59:28,2021/3/24 15:59:28,
154221,1301000004,1140027452,7,426000655,2020/12/31 0:00:00,2021/3/24 15:59:28,2021/3/24 15:59:28,
154761,1301000034,1111000074,1,126600583,2020/12/31 0:00:00,2021/3/24 15:59:28,2021/3/24 15:59:28,
154762,1301000034,1140079476,2,126600583,2020/12/31 0:00:00,2021/3/24 15:59:28,2021/3/24 15:59:28,
154763,1301000034,1111000075,3,126600583,2020/12/31 0:00:00,2021/3/24 15:59:28,2021/3/24 15:59:28,
154764,1301000034,1140144822,4,226600583,2020/12/31 0:00:00,2021/3/24 15:59:28,2021/3/24 15:59:28,
154765,1301000034,1140077131,5,226600583,2020/12/31 0:00:00,2021/3/24 15:59:28,2021/3/24 15:59:28,
155743,1301000031,1111000007,1,126600508,2020/12/31 0:00:00,2021/3/25 21:30:49,2021/3/25 21:30:49,
155744,1301000031,1111000009,2,126600508,2020/12/31 0:00:00,2021/3/25 21:30:49,2021/3/25 21:30:49,
155745,1301000031,1111000008,3,126600508,2020/12/31 0:00:00,2021/3/25 21:30:49,2021/3/25 21:30:49,
155746,1301000031,1140077157,4,226600508,2020/12/31 0:00:00,2021/3/25 21:30:49,2021/3/25 21:30:49,
155747,1301000031,1114000009,5,326600508,2020/12/31 0:00:00,2021/3/25 21:30:49,2021/3/25 21:30:49,
155748,1301000031,1140061102,6,426600508,2020/12/31 0:00:00,2021/3/25 21:30:49,2021/3/25 21:30:49,
155749,1301000031,1140070334,7,426600508,2020/12/31 0:00:00,2021/3/25 21:30:49,2021/3/25 21:30:49,
155750,1301000031,1140061571,8,426600508,2020/12/31 0:00:00,2021/3/25 21:30:49,2021/3/25 21:30:49,
155751,1301000031,1140033013,9,426600508,2020/12/31 0:00:00,2021/3/25 21:30:49,2021/3/25 21:30:49,
155819,1301000041,1111000053,1,126600871,2020/12/31 0:00:00,2021/3/25 21:30:49,2021/3/25 21:30:49,
155820,1301000041,1140027433,2,226600871,2020/12/31 0:00:00,2021/3/25 21:30:49,2021/3/25 21:30:49,
155821,1301000041,1140057039,3,326600871,2020/12/31 0:00:00,2021/3/25 21:30:49,2021/3/25 21:30:49,
155822,1301000041,1140027432,4,426600871,2020/12/31 0:00:00,2021/3/25 21:30:49,2021/3/25 21:30:49,
155823,1301000041,1111000042,5,426600871,2020/12/31 0:00:00,2021/3/25 21:30:49,2021/3/25 21:30:49,
155842,1301000052,1111000115,1,126601808,2020/12/31 0:00:00,2021/3/25 21:30:49,2021/3/25 21:30:49,
155843,1301000052,1111000053,2,226601808,2020/12/31 0:00:00,2021/3/25 21:30:49,2021/3/25 21:30:49,
155844,1301000052,1111000090,3,326601808,2020/12/31 0:00:00,2021/3/25 21:30:49,2021/3/25 21:30:49,
155845,1301000052,1111000038,4,426601808,2020/12/31 0:00:00,2021/3/25 21:30:49,2021/3/25 21:30:49,
155846,1301000052,1140070343,5,426601808,2020/12/31 0:00:00,2021/3/25 21:30:49,2021/3/25 21:30:49,
155847,1301000054,1140007238,1,126601898,2020/12/31 0:00:00,2021/3/25 21:30:49,2021/3/25 21:30:49,
155848,1301000054,1140032365,2,126601898,2020/12/31 0:00:00,2021/3/25 21:30:49,2021/3/25 21:30:49,
155849,1301000054,1111000006,3,226601898,2020/12/31 0:00:00,2021/3/25 21:30:49,2021/3/25 21:30:49,
155850,1301000054,1140046288,4,226601898,2020/12/31 0:00:00,2021/3/25 21:30:49,2021/3/25 21:30:49,
155851,1301000054,1115000016,5,226601898,2020/12/31 0:00:00,2021/3/25 21:30:49,2021/3/25 21:30:49,
155852,1301000054,1115000005,6,226601898,2020/12/31 0:00:00,2021/3/25 21:30:49,2021/3/25 21:30:49,
155853,1301000054,1111000035,7,226601898,2020/12/31 0:00:00,2021/3/25 21:30:49,2021/3/25 21:30:49,
155854,1301000054,1111000027,8,326601898,2020/12/31 0:00:00,2021/3/25 21:30:49,2021/3/25 21:30:49,
155855,1301000054,1140032846,9,426601898,2020/12/31 0:00:00,2021/3/25 21:30:49,2021/3/25 21:30:49,
155856,1301000054,1140061102,10,426601898,2020/12/31 0:00:00,2021/3/25 21:30:49,2021/3/25 21:30:49,
155857,1301000054,1140070334,11,426601898,2020/12/31 0:00:00,2021/3/25 21:30:49,2021/3/25 21:30:49,
155858,1301000054,1140061571,12,426601898,2020/12/31 0:00:00,2021/3/25 21:30:49,2021/3/25 21:30:49,
155859,1301000054,1140044824,13,426601898,2020/12/31 0:00:00,2021/3/25 21:30:49,2021/3/25 21:30:49,
155860,1301000055,1111000008,1,126601918,2020/12/31 0:00:00,2021/3/25 21:30:49,2021/3/25 21:30:49,
155861,1301000055,1111000007,2,126601918,2020/12/31 0:00:00,2021/3/25 21:30:49,2021/3/25 21:30:49,
155862,1301000055,1140077157,3,226601918,2020/12/31 0:00:00,2021/3/25 21:30:49,2021/3/25 21:30:49,
156974,1301000046,1111000018,1,126601015,2020/12/31 0:00:00,2021/3/26 20:24:56,2021/3/26 20:24:56,
156975,1301000046,1115000076,2,226601015,2020/12/31 0:00:00,2021/3/26 20:24:56,2021/3/26 20:24:56,
156976,1301000046,1111000019,3,326601015,2020/12/31 0:00:00,2021/3/26 20:24:56,2021/3/26 20:24:56,
156977,1301000046,1140046633,4,426601015,2020/12/31 0:00:00,2021/3/26 20:24:56,2021/3/26 20:24:56,
156978,1301000046,1140049157,5,426601015,2020/12/31 0:00:00,2021/3/26 20:24:56,2021/3/26 20:24:56,
156979,1301000046,1115000079,6,426601015,2020/12/31 0:00:00,2021/3/26 20:24:56,2021/3/26 20:24:56,
156980,1301000046,1111000035,7,426601015,2020/12/31 0:00:00,2021/3/26 20:24:56,2021/3/26 20:24:56,
157029,1301000053,1115000074,1,126601857,2020/12/31 0:00:00,2021/3/26 20:24:56,2021/3/26 20:24:56,
157030,1301000053,1115000047,2,226601857,2020/12/31 0:00:00,2021/3/26 20:24:56,2021/3/26 20:24:56,
157031,1301000053,1115000049,3,226601857,2020/12/31 0:00:00,2021/3/26 20:24:56,2021/3/26 20:24:56,
157032,1301000053,1115000048,4,226601857,2020/12/31 0:00:00,2021/3/26 20:24:56,2021/3/26 20:24:56,
157033,1301000053,1115000050,5,226601857,2020/12/31 0:00:00,2021/3/26 20:24:56,2021/3/26 20:24:56,
157034,1301000053,1140052903,6,326601857,2020/12/31 0:00:00,2021/3/26 20:24:56,2021/3/26 20:24:56,
157035,1301000053,1115000044,7,426601857,2020/12/31 0:00:00,2021/3/26 20:24:56,2021/3/26 20:24:56,
157067,1301000056,1140052926,1,126601969,2020/12/31 0:00:00,2021/3/26 20:24:56,2021/3/26 20:24:56,
157068,1301000056,1111000105,2,126601969,2020/12/31 0:00:00,2021/3/26 20:24:56,2021/3/26 20:24:56,
157069,1301000056,1111000045,3,226601969,2020/12/31 0:00:00,2021/3/26 20:24:56,2021/3/26 20:24:56,
157070,1301000056,1140077781,4,326601969,2020/12/31 0:00:00,2021/3/26 20:24:56,2021/3/26 20:24:56,
157071,1301000056,1140070344,5,326601969,2020/12/31 0:00:00,2021/3/26 20:24:56,2021/3/26 20:24:56,
157072,1301000056,1140070345,6,326601969,2020/12/31 0:00:00,2021/3/26 20:24:56,2021/3/26 20:24:56,
157073,1301000056,1140044947,7,326601969,2020/12/31 0:00:00,2021/3/26 20:24:56,2021/3/26 20:24:56,
157074,1301000056,1140061102,8,326601969,2020/12/31 0:00:00,2021/3/26 20:24:56,2021/3/26 20:24:56,
157075,1301000056,1140070346,9,326601969,2020/12/31 0:00:00,2021/3/26 20:24:56,2021/3/26 20:24:56,
157076,1301000056,1140078927,10,326601969,2020/12/31 0:00:00,2021/3/26 20:24:56,2021/3/26 20:24:56,
157951,1301000023,1140007238,1,126600188,2020/12/31 0:00:00,2021/3/30 11:20:15,2021/3/30 11:20:15,
157952,1301000023,1111000021,2,126600188,2020/12/31 0:00:00,2021/3/30 11:20:15,2021/3/30 11:20:15,
157953,1301000023,1111000035,3,326600188,2020/12/31 0:00:00,2021/3/30 11:20:15,2021/3/30 11:20:15,
157954,1301000023,1140077157,4,426600188,2020/12/31 0:00:00,2021/3/30 11:20:15,2021/3/30 11:20:15,
157955,1301000023,1115000017,5,426600188,2020/12/31 0:00:00,2021/3/30 11:20:15,2021/3/30 11:20:15,
157956,1301000023,1140033009,6,426600188,2020/12/31 0:00:00,2021/3/30 11:20:15,2021/3/30 11:20:15,
157957,1301000023,1140033027,7,426600188,2020/12/31 0:00:00,2021/3/30 11:20:15,2021/3/30 11:20:15,
157958,1301000023,1140033028,8,426600188,2020/12/31 0:00:00,2021/3/30 11:20:15,2021/3/30 11:20:15,
158321,1301001407,1111000025,1,126600985,2020/12/31 0:00:00,2021/3/30 11:20:15,2021/3/30 11:20:15,
158322,1301001407,1140007238,2,126600985,2020/12/31 0:00:00,2021/3/30 11:20:15,2021/3/30 11:20:15,
158323,1301001407,1111000018,3,226600985,2020/12/31 0:00:00,2021/3/30 11:20:15,2021/3/30 11:20:15,
158324,1301001407,1140078843,4,226600985,2020/12/31 0:00:00,2021/3/30 11:20:15,2021/3/30 11:20:15,
158325,1301001407,1111000035,5,226600985,2020/12/31 0:00:00,2021/3/30 11:20:15,2021/3/30 11:20:15,
158326,1301001407,1115000079,6,226600985,2020/12/31 0:00:00,2021/3/30 11:20:15,2021/3/30 11:20:15,
158327,1301001407,1140007493,7,226600985,2020/12/31 0:00:00,2021/3/30 11:20:15,2021/3/30 11:20:15,
158328,1301001407,1111000019,8,226600985,2020/12/31 0:00:00,2021/3/30 11:20:15,2021/3/30 11:20:15,
158332,1301000043,1111000018,1,126600997,2020/12/31 0:00:00,2021/3/30 11:20:15,2021/3/30 11:20:15,
158333,1301000043,1111000035,2,226600997,2020/12/31 0:00:00,2021/3/30 11:20:15,2021/3/30 11:20:15,
158334,1301000043,1115000081,3,226600997,2020/12/31 0:00:00,2021/3/30 11:20:15,2021/3/30 11:20:15,
158335,1301000043,1130000633,4,226600997,2020/12/31 0:00:00,2021/3/30 11:20:15,2021/3/30 11:20:15,
158336,1301000043,1111000009,5,326600997,2020/12/31 0:00:00,2021/3/30 11:20:15,2021/3/30 11:20:15,
158337,1301000043,1140007238,6,326600997,2020/12/31 0:00:00,2021/3/30 11:20:15,2021/3/30 11:20:15,
158354,1301000047,1111000001,1,126601088,2020/12/31 0:00:00,2021/3/30 11:20:15,2021/3/30 11:20:15,
158355,1301000047,1111000005,2,126601088,2020/12/31 0:00:00,2021/3/30 11:20:15,2021/3/30 11:20:15,
158356,1301000047,1111000002,3,126601088,2020/12/31 0:00:00,2021/3/30 11:20:15,2021/3/30 11:20:15,
158357,1301000047,1140077157,4,226601088,2020/12/31 0:00:00,2021/3/30 11:20:15,2021/3/30 11:20:15,
158358,1301000047,1140044949,5,326601088,2020/12/31 0:00:00,2021/3/30 11:20:15,2021/3/30 11:20:15,
158359,1301000047,1140044814,6,426601088,2020/12/31 0:00:00,2021/3/30 11:20:15,2021/3/30 11:20:15,
158360,1301000047,1140046288,7,426601088,2020/12/31 0:00:00,2021/3/30 11:20:15,2021/3/30 11:20:15,
158361,1301000047,1115000016,8,426601088,2020/12/31 0:00:00,2021/3/30 11:20:15,2021/3/30 11:20:15,
158362,1301000047,1140044811,9,426601088,2020/12/31 0:00:00,2021/3/30 11:20:15,2021/3/30 11:20:15,
159807,1301000003,1140027453,1,126000629,2020/12/31 0:00:00,2021/3/31 20:48:20,2021/3/31 20:48:20,
159808,1301000003,1140027454,2,126000629,2020/12/31 0:00:00,2021/3/31 20:48:20,2021/3/31 20:48:20,
159809,1301000003,1140027455,3,126000629,2020/12/31 0:00:00,2021/3/31 20:48:20,2021/3/31 20:48:20,
159810,1301000003,1140027456,4,126000629,2020/12/31 0:00:00,2021/3/31 20:48:20,2021/3/31 20:48:20,
159811,1301000003,1140007520,5,226000629,2020/12/31 0:00:00,2021/3/31 20:48:20,2021/3/31 20:48:20,
159812,1301000003,1140077157,6,326000629,2020/12/31 0:00:00,2021/3/31 20:48:20,2021/3/31 20:48:20,
159813,1301000003,1140027458,7,426000629,2020/12/31 0:00:00,2021/3/31 20:48:20,2021/3/31 20:48:20,
159814,1301000003,1140077806,8,426000629,2020/12/31 0:00:00,2021/3/31 20:48:20,2021/3/31 20:48:20,
160441,1301000040,1111000018,1,126600792,2020/12/31 0:00:00,2021/3/31 20:48:20,2021/3/31 20:48:20,
160442,1301000040,1140052942,2,126600792,2020/12/31 0:00:00,2021/3/31 20:48:20,2021/3/31 20:48:20,
160443,1301000040,1140032892,3,226600792,2020/12/31 0:00:00,2021/3/31 20:48:20,2021/3/31 20:48:20,
160444,1301000040,1115000079,4,426600792,2020/12/31 0:00:00,2021/3/31 20:48:20,2021/3/31 20:48:20,
160445,1301000040,1111000019,5,426600792,2020/12/31 0:00:00,2021/3/31 20:48:20,2021/3/31 20:48:20,
160446,1301000040,1111000035,6,426600792,2020/12/31 0:00:00,2021/3/31 20:48:20,2021/3/31 20:48:20,
160447,1301000040,1140007493,7,426600792,2020/12/31 0:00:00,2021/3/31 20:48:20,2021/3/31 20:48:20,
160448,1301000040,1140066827,8,426600792,2020/12/31 0:00:00,2021/3/31 20:48:20,2021/3/31 20:48:20,
160449,1301000040,1140057038,9,426600792,2020/12/31 0:00:00,2021/3/31 20:48:20,2021/3/31 20:48:20,
160450,1301000040,1111000037,10,426600792,2020/12/31 0:00:00,2021/3/31 20:48:20,2021/3/31 20:48:20,
162261,1301000001,1111000005,1,126000552,2020/12/31 0:00:00,2021/4/3 12:24:14,2021/4/3 12:24:14,
162262,1301000001,1111000001,2,126000552,2020/12/31 0:00:00,2021/4/3 12:24:14,2021/4/3 12:24:14,
162263,1301000001,1111000004,3,126000552,2020/12/31 0:00:00,2021/4/3 12:24:14,2021/4/3 12:24:14,
162264,1301000001,1140077157,4,226000552,2020/12/31 0:00:00,2021/4/3 12:24:14,2021/4/3 12:24:14,
162883,1301003821,1114000291,1,126002978,2020/12/31 0:00:00,2021/4/3 12:24:14,2021/4/3 12:24:14,
162884,1301003821,1140087480,2,226002978,2020/12/31 0:00:00,2021/4/3 12:24:14,2021/4/3 12:24:14,
168452,1301003531,1140027444,1,126000833,2020/12/31 0:00:00,2021/4/12 20:41:28,2021/4/12 20:41:28,
168453,1301003531,1140005164,2,226000833,2020/12/31 0:00:00,2021/4/12 20:41:28,2021/4/12 20:41:28,
168454,1301003531,1112000068,3,326000833,2020/12/31 0:00:00,2021/4/12 20:41:28,2021/4/12 20:41:28,
168455,1301003531,1112000069,4,326000833,2020/12/31 0:00:00,2021/4/12 20:41:28,2021/4/12 20:41:28,
168456,1301003531,1140057029,5,426000833,2020/12/31 0:00:00,2021/4/12 20:41:28,2021/4/12 20:41:28,
168457,1301003531,1140125206,6,426000833,2020/12/31 0:00:00,2021/4/12 20:41:28,2021/4/12 20:41:28,
168458,1301003531,1140027448,7,426000833,2020/12/31 0:00:00,2021/4/12 20:41:28,2021/4/12 20:41:28,
168459,1301003531,1140011555,8,426000833,2020/12/31 0:00:00,2021/4/12 20:41:28,2021/4/12 20:41:28,
168460,1301003531,1140011503,9,426000833,2020/12/31 0:00:00,2021/4/12 20:41:28,2021/4/12 20:41:28,
168461,1301003531,1140070306,10,426000833,2020/12/31 0:00:00,2021/4/12 20:41:28,2021/4/12 20:41:28,
168462,1301003531,1137000008,11,426000833,2020/12/31 0:00:00,2021/4/12 20:41:28,2021/4/12 20:41:28,
168463,1301003531,1140007494,12,426000833,2020/12/31 0:00:00,2021/4/12 20:41:28,2021/4/12 20:41:28,
169003,1301000042,1140007238,1,126600971,2020/12/31 0:00:00,2021/4/12 20:41:28,2021/4/12 20:41:28,
169004,1301000042,1111000009,2,126600971,2020/12/31 0:00:00,2021/4/12 20:41:28,2021/4/12 20:41:28,
169005,1301000042,1111000007,3,126600971,2020/12/31 0:00:00,2021/4/12 20:41:28,2021/4/12 20:41:28,
169006,1301000042,1111000012,4,126600971,2020/12/31 0:00:00,2021/4/12 20:41:28,2021/4/12 20:41:28,
169007,1301000042,1111000006,5,126600971,2020/12/31 0:00:00,2021/4/12 20:41:28,2021/4/12 20:41:28,
169008,1301000042,1111000011,6,126600971,2020/12/31 0:00:00,2021/4/12 20:41:28,2021/4/12 20:41:28,
169009,1301000042,1140077157,7,226600971,2020/12/31 0:00:00,2021/4/12 20:41:28,2021/4/12 20:41:28,
170114,1301000026,1111000012,1,126600348,2020/12/31 0:00:00,2021/4/14 20:39:44,2021/4/14 20:39:44,
170115,1301000026,1111000021,2,126600348,2020/12/31 0:00:00,2021/4/14 20:39:44,2021/4/14 20:39:44,
170116,1301000026,1111000011,3,226600348,2020/12/31 0:00:00,2021/4/14 20:39:44,2021/4/14 20:39:44,
170117,1301000026,1111000013,4,226600348,2020/12/31 0:00:00,2021/4/14 20:39:44,2021/4/14 20:39:44,
170118,1301000026,1140077157,5,426600348,2020/12/31 0:00:00,2021/4/14 20:39:44,2021/4/14 20:39:44,
170119,1301000026,1115000017,6,426600348,2020/12/31 0:00:00,2021/4/14 20:39:44,2021/4/14 20:39:44,
171094,1301000024,1111000109,1,126600295,2020/12/31 0:00:00,2021/4/15 21:13:42,2021/4/15 21:13:42,
171095,1301000024,1140007372,2,226600295,2020/12/31 0:00:00,2021/4/15 21:13:42,2021/4/15 21:13:42,
171096,1301000024,1111000110,3,326600295,2020/12/31 0:00:00,2021/4/15 21:13:42,2021/4/15 21:13:42,
171097,1301000024,1114000388,4,426600295,2020/12/31 0:00:00,2021/4/15 21:13:42,2021/4/15 21:13:42,
171098,1301000024,1130000575,5,426600295,2020/12/31 0:00:00,2021/4/15 21:13:42,2021/4/15 21:13:42,
171099,1301000024,1111000001,6,426600295,2020/12/31 0:00:00,2021/4/15 21:13:42,2021/4/15 21:13:42,
171100,1301000024,1111000008,7,426600295,2020/12/31 0:00:00,2021/4/15 21:13:42,2021/4/15 21:13:42,
171101,1301000024,1140002682,8,426600295,2020/12/31 0:00:00,2021/4/15 21:13:42,2021/4/15 21:13:42,
171102,1301000024,1115000076,9,426600295,2020/12/31 0:00:00,2021/4/15 21:13:42,2021/4/15 21:13:42,
171103,1301000024,1140064176,10,426600295,2020/12/31 0:00:00,2021/4/15 21:13:42,2021/4/15 21:13:42,
172752,1301000006,1130000603,2,226000762,2020/12/31 0:00:00,2021/4/21 19:55:14,2021/4/21 19:55:14,
172753,1301000006,1140008007,3,326000762,2020/12/31 0:00:00,2021/4/21 19:55:14,2021/4/21 19:55:14,
172754,1301000006,1140046821,4,326000762,2020/12/31 0:00:00,2021/4/21 19:55:14,2021/4/21 19:55:14,
172755,1301000006,1140057027,1,126000762,2020/12/31 0:00:00,2021/4/21 19:55:14,2021/4/21 19:55:14,
172756,1301000016,1111000043,3,326002828,2020/12/31 0:00:00,2021/4/21 19:55:14,2021/4/21 19:55:14,
172757,1301000016,1111000053,1,126002828,2020/12/31 0:00:00,2021/4/21 19:55:14,2021/4/21 19:55:14,
172758,1301000016,1140052869,2,226002828,2020/12/31 0:00:00,2021/4/21 19:55:14,2021/4/21 19:55:14,
172759,1301000016,1140070314,4,326002828,2020/12/31 0:00:00,2021/4/21 19:55:14,2021/4/21 19:55:14,
172760,1301000016,1140070315,5,326002828,2020/12/31 0:00:00,2021/4/21 19:55:14,2021/4/21 19:55:14,
172761,1301000016,1140070316,6,326002828,2020/12/31 0:00:00,2021/4/21 19:55:14,2021/4/21 19:55:14,
172762,1301000016,1140070317,7,326002828,2020/12/31 0:00:00,2021/4/21 19:55:14,2021/4/21 19:55:14,
172763,1301000016,1140070318,8,326002828,2020/12/31 0:00:00,2021/4/21 19:55:14,2021/4/21 19:55:14,
172764,1301000016,1140098758,9,426002828,2020/12/31 0:00:00,2021/4/21 19:55:14,2021/4/21 19:55:14,
172771,1301000027,1111000006,1,126600395,2020/12/31 0:00:00,2021/4/21 19:55:14,2021/4/21 19:55:14,
172772,1301000027,1111000021,2,126600395,2020/12/31 0:00:00,2021/4/21 19:55:14,2021/4/21 19:55:14,
172773,1301000027,1140007238,3,226600395,2020/12/31 0:00:00,2021/4/21 19:55:14,2021/4/21 19:55:14,
172774,1301000027,1140084062,6,426600395,2020/12/31 0:00:00,2021/4/21 19:55:14,2021/4/21 19:55:14,
172775,1301000027,1140095934,4,326600395,2020/12/31 0:00:00,2021/4/21 19:55:14,2021/4/21 19:55:14,
172776,1301000027,1140095935,5,326600395,2020/12/31 0:00:00,2021/4/21 19:55:14,2021/4/21 19:55:14,
172777,1301000036,1111000018,1,126600740,2020/12/31 0:00:00,2021/4/21 19:55:14,2021/4/21 19:55:14,
172778,1301000036,1111000035,3,326600740,2020/12/31 0:00:00,2021/4/21 19:55:14,2021/4/21 19:55:14,
172779,1301000036,1115000081,4,426600740,2020/12/31 0:00:00,2021/4/21 19:55:14,2021/4/21 19:55:14,
172780,1301000036,1140007300,7,426600740,2020/12/31 0:00:00,2021/4/21 19:55:14,2021/4/21 19:55:14,
172781,1301000036,1140007460,9,426600740,2020/12/31 0:00:00,2021/4/21 19:55:14,2021/4/21 19:55:14,
172782,1301000036,1140057093,6,426600740,2020/12/31 0:00:00,2021/4/21 19:55:14,2021/4/21 19:55:14,
172783,1301000036,1140077181,2,226600740,2020/12/31 0:00:00,2021/4/21 19:55:14,2021/4/21 19:55:14,
172784,1301000036,1140095936,5,426600740,2020/12/31 0:00:00,2021/4/21 19:55:14,2021/4/21 19:55:14,
172785,1301000036,1140098624,8,426600740,2020/12/31 0:00:00,2021/4/21 19:55:14,2021/4/21 19:55:14,
172786,1301000037,1111000002,6,126600758,2020/12/31 0:00:00,2021/4/21 19:55:14,2021/4/21 19:55:14,
172787,1301000037,1111000006,1,126600758,2020/12/31 0:00:00,2021/4/21 19:55:14,2021/4/21 19:55:14,
172788,1301000037,1111000008,5,126600758,2020/12/31 0:00:00,2021/4/21 19:55:14,2021/4/21 19:55:14,
172789,1301000037,1111000009,2,126600758,2020/12/31 0:00:00,2021/4/21 19:55:14,2021/4/21 19:55:14,
172790,1301000037,1111000010,3,126600758,2020/12/31 0:00:00,2021/4/21 19:55:14,2021/4/21 19:55:14,
172791,1301000037,1111000013,4,126600758,2020/12/31 0:00:00,2021/4/21 19:55:14,2021/4/21 19:55:14,
172792,1301000037,1115000017,8,326600758,2020/12/31 0:00:00,2021/4/21 19:55:14,2021/4/21 19:55:14,
172793,1301000037,1140014157,10,426600758,2020/12/31 0:00:00,2021/4/21 19:55:14,2021/4/21 19:55:14,
172794,1301000037,1140030288,9,426600758,2020/12/31 0:00:00,2021/4/21 19:55:14,2021/4/21 19:55:14,
172795,1301000037,1140077157,7,226600758,2020/12/31 0:00:00,2021/4/21 19:55:14,2021/4/21 19:55:14,
172796,1301000057,1111000018,1,126603113,2020/12/31 0:00:00,2021/4/21 19:55:14,2021/4/21 19:55:14,
172797,1301000057,1111000033,7,426603113,2020/12/31 0:00:00,2021/4/21 19:55:14,2021/4/21 19:55:14,
172798,1301000057,1111000035,5,426603113,2020/12/31 0:00:00,2021/4/21 19:55:14,2021/4/21 19:55:14,
172799,1301000057,1115000034,4,426603113,2020/12/31 0:00:00,2021/4/21 19:55:14,2021/4/21 19:55:14,
172800,1301000057,1115000035,6,426603113,2020/12/31 0:00:00,2021/4/21 19:55:14,2021/4/21 19:55:14,
172801,1301000057,1115000081,8,426603113,2020/12/31 0:00:00,2021/4/21 19:55:14,2021/4/21 19:55:14,
172802,1301000057,1140046588,3,426603113,2020/12/31 0:00:00,2021/4/21 19:55:14,2021/4/21 19:55:14,
172803,1301000057,1140077181,2,226603113,2020/12/31 0:00:00,2021/4/21 19:55:14,2021/4/21 19:55:14,
175291,1301003659,1140027428,2,226600968,2020/12/31 0:00:00,2021/4/21 19:55:14,2021/4/21 19:55:14,
175292,1301003659,1140027429,4,426600968,2020/12/31 0:00:00,2021/4/21 19:55:14,2021/4/21 19:55:14,
175293,1301003659,1140027430,1,126600968,2020/12/31 0:00:00,2021/4/21 19:55:14,2021/4/21 19:55:14,
175294,1301003659,1140027431,3,326600968,2020/12/31 0:00:00,2021/4/21 19:55:14,2021/4/21 19:55:14,
177972,1301000018,1111000059,1,126300164,2020/12/31 0:00:00,2021/4/25 21:17:17,2021/4/25 21:17:17,
177973,1301000018,1111000044,2,126300164,2020/12/31 0:00:00,2021/4/25 21:17:17,2021/4/25 21:17:17,
177974,1301000018,1111000053,3,126300164,2020/12/31 0:00:00,2021/4/25 21:17:17,2021/4/25 21:17:17,
177975,1301000018,1140032935,4,226300164,2020/12/31 0:00:00,2021/4/25 21:17:17,2021/4/25 21:17:17,
178780,1301000028,1140033013,1,126600397,2020/12/31 0:00:00,2021/4/25 21:17:17,2021/4/25 21:17:17,
178781,1301000028,1111000006,2,226600397,2020/12/31 0:00:00,2021/4/25 21:17:17,2021/4/25 21:17:17,
178782,1301000028,1111000007,3,226600397,2020/12/31 0:00:00,2021/4/25 21:17:17,2021/4/25 21:17:17,
178783,1301000028,1111000012,4,226600397,2020/12/31 0:00:00,2021/4/25 21:17:17,2021/4/25 21:17:17,
178784,1301000028,1111000013,5,226600397,2020/12/31 0:00:00,2021/4/25 21:17:17,2021/4/25 21:17:17,
178785,1301000028,1140007238,6,226600397,2020/12/31 0:00:00,2021/4/25 21:17:17,2021/4/25 21:17:17,
178786,1301000028,1140044898,7,326600397,2020/12/31 0:00:00,2021/4/25 21:17:17,2021/4/25 21:17:17,
178787,1301000028,1140070333,8,426600397,2020/12/31 0:00:00,2021/4/25 21:17:17,2021/4/25 21:17:17,
178788,1301000028,1140077157,9,426600397,2020/12/31 0:00:00,2021/4/25 21:17:17,2021/4/25 21:17:17,
178889,1301000009,1140080753,1,126000968,2020/12/31 0:00:00,2021/4/25 21:17:17,2021/4/25 21:17:17,
178890,1301000009,1111000119,2,326000968,2020/12/31 0:00:00,2021/4/25 21:17:17,2021/4/25 21:17:17,
179894,1301000032,1140052897,1,126600532,2020/12/31 0:00:00,2021/4/25 21:17:17,2021/4/25 21:17:17,
179895,1301000032,1140004223,2,226600532,2020/12/31 0:00:00,2021/4/25 21:17:17,2021/4/25 21:17:17,
179896,1301000032,1140027441,3,226600532,2020/12/31 0:00:00,2021/4/25 21:17:17,2021/4/25 21:17:17,
182575,1301000060,1140027424,1,126603727,2020/12/31 0:00:00,2021/4/27 1:25:13,2021/4/27 1:25:13,
182576,1301000060,1140027422,2,226603727,2020/12/31 0:00:00,2021/4/27 1:25:13,2021/4/27 1:25:13,
182577,1301000060,1140027423,3,326603727,2020/12/31 0:00:00,2021/4/27 1:25:13,2021/4/27 1:25:13,
182971,1301000051,1111000021,1,126601699,2020/12/31 0:00:00,2021/4/27 1:25:13,2021/4/27 1:25:13,
182972,1301000051,1111000011,2,126601699,2020/12/31 0:00:00,2021/4/27 1:25:13,2021/4/27 1:25:13,
182973,1301000051,1111000007,3,126601699,2020/12/31 0:00:00,2021/4/27 1:25:13,2021/4/27 1:25:13,
182974,1301000051,1111000122,4,126601699,2020/12/31 0:00:00,2021/4/27 1:25:13,2021/4/27 1:25:13,
182975,1301000051,1111000008,5,126601699,2020/12/31 0:00:00,2021/4/27 1:25:13,2021/4/27 1:25:13,
182976,1301000051,1111000018,6,226601699,2020/12/31 0:00:00,2021/4/27 1:25:13,2021/4/27 1:25:13,
184207,1301000010,1111000006,1,126000983,2020/12/31 0:00:00,2021/4/28 1:43:35,2021/4/28 1:43:35,
184208,1301000010,1111000009,2,126000983,2020/12/31 0:00:00,2021/4/28 1:43:35,2021/4/28 1:43:35,
184209,1301000010,1111000010,3,126000983,2020/12/31 0:00:00,2021/4/28 1:43:35,2021/4/28 1:43:35,
184210,1301000010,1111000013,4,126000983,2020/12/31 0:00:00,2021/4/28 1:43:35,2021/4/28 1:43:35,
184211,1301000010,1111000008,5,126000983,2020/12/31 0:00:00,2021/4/28 1:43:35,2021/4/28 1:43:35,
184212,1301000010,1111000018,6,226000983,2020/12/31 0:00:00,2021/4/28 1:43:35,2021/4/28 1:43:35,
184213,1301000010,1140012137,7,326000983,2020/12/31 0:00:00,2021/4/28 1:43:35,2021/4/28 1:43:35,
184306,1301000012,1140027438,1,126002207,2020/12/31 0:00:00,2021/4/28 1:43:35,2021/4/28 1:43:35,
184307,1301000012,1140079474,2,126002207,2020/12/31 0:00:00,2021/4/28 1:43:35,2021/4/28 1:43:35,
184308,1301000012,1140027441,3,126002207,2020/12/31 0:00:00,2021/4/28 1:43:35,2021/4/28 1:43:35,
184309,1301000012,1140044947,4,226002207,2020/12/31 0:00:00,2021/4/28 1:43:35,2021/4/28 1:43:35,
184310,1301000012,1140079475,5,326002207,2020/12/31 0:00:00,2021/4/28 1:43:35,2021/4/28 1:43:35,
185659,1301000021,1111000012,1,126600123,2020/12/31 0:00:00,2021/4/28 1:43:35,2021/4/28 1:43:35,
185660,1301000021,1111000006,2,126600123,2020/12/31 0:00:00,2021/4/28 1:43:35,2021/4/28 1:43:35,
185661,1301000021,1115000005,3,226600123,2020/12/31 0:00:00,2021/4/28 1:43:35,2021/4/28 1:43:35,
185662,1301000021,1115000077,4,226600123,2020/12/31 0:00:00,2021/4/28 1:43:35,2021/4/28 1:43:35,
185663,1301000021,1140058817,5,226600123,2020/12/31 0:00:00,2021/4/28 1:43:35,2021/4/28 1:43:35,
185824,1301000030,1111000001,1,126600403,2020/12/31 0:00:00,2021/4/28 1:43:35,2021/4/28 1:43:35,
185825,1301000030,1111000013,2,126600403,2020/12/31 0:00:00,2021/4/28 1:43:35,2021/4/28 1:43:35,
185826,1301000030,1111000006,3,126600403,2020/12/31 0:00:00,2021/4/28 1:43:35,2021/4/28 1:43:35,
185827,1301000030,1140052897,4,226600403,2020/12/31 0:00:00,2021/4/28 1:43:35,2021/4/28 1:43:35,
186020,1301000045,1111000018,1,126601011,2020/12/31 0:00:00,2021/4/28 1:43:35,2021/4/28 1:43:35,
186021,1301000045,1111000035,2,226601011,2020/12/31 0:00:00,2021/4/28 1:43:35,2021/4/28 1:43:35,
186022,1301000045,1140057047,3,326601011,2020/12/31 0:00:00,2021/4/28 1:43:35,2021/4/28 1:43:35,
186023,1301000045,1140057048,4,426601011,2020/12/31 0:00:00,2021/4/28 1:43:35,2021/4/28 1:43:35,
186024,1301000045,1140013378,5,426601011,2020/12/31 0:00:00,2021/4/28 1:43:35,2021/4/28 1:43:35,
186025,1301000045,1111000025,6,426601011,2020/12/31 0:00:00,2021/4/28 1:43:35,2021/4/28 1:43:35,
186026,1301000045,1111000009,7,426601011,2020/12/31 0:00:00,2021/4/28 1:43:35,2021/4/28 1:43:35,
186027,1301000045,1111000008,8,426601011,2020/12/31 0:00:00,2021/4/28 1:43:35,2021/4/28 1:43:35,
186028,1301000045,1111000012,9,426601011,2020/12/31 0:00:00,2021/4/28 1:43:35,2021/4/28 1:43:35,
186029,1301000045,1115000079,10,426601011,2020/12/31 0:00:00,2021/4/28 1:43:35,2021/4/28 1:43:35,
186030,1301000045,1115000031,11,426601011,2020/12/31 0:00:00,2021/4/28 1:43:35,2021/4/28 1:43:35,
186031,1301000045,1140077157,12,426601011,2020/12/31 0:00:00,2021/4/28 1:43:35,2021/4/28 1:43:35,
186053,1301000048,1140007238,1,126601101,2020/12/31 0:00:00,2021/4/28 1:43:35,2021/4/28 1:43:35,
186054,1301000048,1111000012,2,126601101,2020/12/31 0:00:00,2021/4/28 1:43:35,2021/4/28 1:43:35,
186055,1301000048,1111000035,3,226601101,2020/12/31 0:00:00,2021/4/28 1:43:35,2021/4/28 1:43:35,
186056,1301000048,1140065110,4,326601101,2020/12/31 0:00:00,2021/4/28 1:43:35,2021/4/28 1:43:35,
186101,1301000050,1111000025,1,126601666,2020/12/31 0:00:00,2021/4/28 1:43:35,2021/4/28 1:43:35,
186102,1301000050,1111000021,2,126601666,2020/12/31 0:00:00,2021/4/28 1:43:35,2021/4/28 1:43:35,
186103,1301000050,1140007238,3,226601666,2020/12/31 0:00:00,2021/4/28 1:43:35,2021/4/28 1:43:35,
186104,1301000050,1111000007,4,326601666,2020/12/31 0:00:00,2021/4/28 1:43:35,2021/4/28 1:43:35,
186105,1301000050,1111000006,5,326601666,2020/12/31 0:00:00,2021/4/28 1:43:35,2021/4/28 1:43:35,
186106,1301000050,1140070342,6,426601666,2020/12/31 0:00:00,2021/4/28 1:43:35,2021/4/28 1:43:35,
188624,1301000013,1111000045,1,126002554,2020/12/31 0:00:00,2021/4/29 1:26:49,2021/4/29 1:26:49,
188625,1301000013,1140070307,2,226002554,2020/12/31 0:00:00,2021/4/29 1:26:49,2021/4/29 1:26:49,
188626,1301000013,1140077154,3,326002554,2020/12/31 0:00:00,2021/4/29 1:26:49,2021/4/29 1:26:49,
188960,1301000019,1140052903,1,126300191,2020/12/31 0:00:00,2021/4/29 1:26:49,2021/4/29 1:26:49,
188961,1301000019,1111000045,2,126300191,2020/12/31 0:00:00,2021/4/29 1:26:49,2021/4/29 1:26:49,
188962,1301000019,1111000054,3,226300191,2020/12/31 0:00:00,2021/4/29 1:26:49,2021/4/29 1:26:49,
188963,1301000019,1140100683,4,326300191,2020/12/31 0:00:00,2021/4/29 1:26:49,2021/4/29 1:26:49,
189534,1301000025,1111000062,1,126600339,2020/12/31 0:00:00,2021/4/29 1:26:49,2021/4/29 1:26:49,
189535,1301000025,1111000065,2,226600339,2020/12/31 0:00:00,2021/4/29 1:26:49,2021/4/29 1:26:49,
189536,1301000025,1111000068,3,326600339,2020/12/31 0:00:00,2021/4/29 1:26:49,2021/4/29 1:26:49,
189537,1301000025,1140077154,4,426600339,2020/12/31 0:00:00,2021/4/29 1:26:49,2021/4/29 1:26:49,
196495,1301000002,1111000001,1,126000571,2020/12/31 0:00:00,2021/5/5 22:35:33,2021/5/5 22:35:33,
196496,1301000002,1140044947,2,226000571,2020/12/31 0:00:00,2021/5/5 22:35:33,2021/5/5 22:35:33,
196497,1301000002,1140033776,3,226000571,2020/12/31 0:00:00,2021/5/5 22:35:33,2021/5/5 22:35:33,
196498,1301000002,1140004778,4,326000571,2020/12/31 0:00:00,2021/5/5 22:35:33,2021/5/5 22:35:33,
196586,1301000005,1111000025,1,126000723,2020/12/31 0:00:00,2021/5/5 22:35:33,2021/5/5 22:35:33,
196587,1301000005,1111000018,2,126000723,2020/12/31 0:00:00,2021/5/5 22:35:33,2021/5/5 22:35:33,
196588,1301000005,1140057025,3,226000723,2020/12/31 0:00:00,2021/5/5 22:35:33,2021/5/5 22:35:33,
196589,1301000005,1140046633,4,226000723,2020/12/31 0:00:00,2021/5/5 22:35:33,2021/5/5 22:35:33,
198354,1301004321,1111000106,1,126001203,2020/12/31 0:00:00,2021/5/6 20:21:04,2021/5/6 20:21:04,
198355,1301004321,1111000108,2,226001203,2020/12/31 0:00:00,2021/5/6 20:21:04,2021/5/6 20:21:04,
198356,1301004321,1140149726,3,326001203,2020/12/31 0:00:00,2021/5/6 20:21:04,2021/5/6 20:21:04,
198471,1301000007,1111000002,1,126000780,2020/12/31 0:00:00,2021/5/6 21:24:06,2021/5/6 21:24:06,
198472,1301000008,1111000012,2,126000937,2020/12/31 0:00:00,2021/5/6 21:24:06,2021/5/6 21:24:06,
198473,1301000008,1111000018,4,126000937,2020/12/31 0:00:00,2021/5/6 21:24:06,2021/5/6 21:24:06,
198474,1301000008,1111000025,1,126000937,2020/12/31 0:00:00,2021/5/6 21:24:06,2021/5/6 21:24:06,
198475,1301000008,1140007238,3,126000937,2020/12/31 0:00:00,2021/5/6 21:24:06,2021/5/6 21:24:06,
198476,1301000008,1140007372,7,226000937,2020/12/31 0:00:00,2021/5/6 21:24:06,2021/5/6 21:24:06,
198477,1301000008,1140057030,8,326000937,2020/12/31 0:00:00,2021/5/6 21:24:06,2021/5/6 21:24:06,
198478,1301000008,1140064176,6,226000937,2020/12/31 0:00:00,2021/5/6 21:24:06,2021/5/6 21:24:06,
198479,1301000008,1140064177,5,226000937,2020/12/31 0:00:00,2021/5/6 21:24:06,2021/5/6 21:24:06,
198480,1301000008,1140077157,9,426000937,2020/12/31 0:00:00,2021/5/6 21:24:06,2021/5/6 21:24:06,
198481,1301000011,1111000002,2,226002128,2020/12/31 0:00:00,2021/5/6 21:24:06,2021/5/6 21:24:06,
198482,1301000011,1130000591,1,126002128,2020/12/31 0:00:00,2021/5/6 21:24:06,2021/5/6 21:24:06,
198483,1301000011,1140077157,3,326002128,2020/12/31 0:00:00,2021/5/6 21:24:06,2021/5/6 21:24:06,
198493,1301000044,1111000001,5,126601001,2020/12/31 0:00:00,2021/5/6 21:24:06,2021/5/6 21:24:06,
198494,1301000044,1111000004,1,126601001,2020/12/31 0:00:00,2021/5/6 21:24:06,2021/5/6 21:24:06,
198495,1301000044,1111000005,4,126601001,2020/12/31 0:00:00,2021/5/6 21:24:06,2021/5/6 21:24:06,
198496,1301000044,1111000007,3,126601001,2020/12/31 0:00:00,2021/5/6 21:24:06,2021/5/6 21:24:06,
198497,1301000044,1111000008,2,126601001,2020/12/31 0:00:00,2021/5/6 21:24:06,2021/5/6 21:24:06,
198498,1301000044,1140046294,6,226601001,2020/12/31 0:00:00,2021/5/6 21:24:06,2021/5/6 21:24:06,
198499,1301000044,1140057045,7,226601001,2020/12/31 0:00:00,2021/5/6 21:24:06,2021/5/6 21:24:06,
198500,1301000059,1140027425,1,126603619,2020/12/31 0:00:00,2021/5/6 21:24:06,2021/5/6 21:24:06,
198501,1301000059,1140027426,4,226603619,2020/12/31 0:00:00,2021/5/6 21:24:06,2021/5/6 21:24:06,
198502,1301000059,1140032767,2,226603619,2020/12/31 0:00:00,2021/5/6 21:24:06,2021/5/6 21:24:06,
198503,1301000059,1140110278,3,226603619,2020/12/31 0:00:00,2021/5/6 21:24:06,2021/5/6 21:24:06,
198504,1301000061,1140052174,1,126603979,2020/12/31 0:00:00,2021/5/6 21:24:06,2021/5/6 21:24:06,
198505,1301000061,1140095898,2,226603979,2020/12/31 0:00:00,2021/5/6 21:24:06,2021/5/6 21:24:06,
198506,1301000061,1140095899,3,326603979,2020/12/31 0:00:00,2021/5/6 21:24:06,2021/5/6 21:24:06,
199954,1301001766,1130000603,3,226000923,2020/12/31 0:00:00,2021/5/6 21:24:06,2021/5/6 21:24:06,
199955,1301001766,1140013227,4,326000923,2020/12/31 0:00:00,2021/5/6 21:24:06,2021/5/6 21:24:06,
199956,1301001766,1140027442,1,126000923,2020/12/31 0:00:00,2021/5/6 21:24:06,2021/5/6 21:24:06,
199957,1301001766,1140027443,2,226000923,2020/12/31 0:00:00,2021/5/6 21:24:06,2021/5/6 21:24:06,
199958,1301001766,1140032675,5,426000923,2020/12/31 0:00:00,2021/5/6 21:24:06,2021/5/6 21:24:06,
203128,1301000014,1140028594,1,126002629,2020/12/31 0:00:00,2021/5/7 17:49:13,2021/5/7 17:49:13,
203129,1301000014,1140028595,2,126002629,2020/12/31 0:00:00,2021/5/7 17:49:13,2021/5/7 17:49:13,
203130,1301000014,1140028596,3,126002629,2020/12/31 0:00:00,2021/5/7 17:49:13,2021/5/7 17:49:13,
203131,1301000014,1140027436,4,126002629,2020/12/31 0:00:00,2021/5/7 17:49:13,2021/5/7 17:49:13,
203132,1301000014,1140027434,5,226002629,2020/12/31 0:00:00,2021/5/7 17:49:13,2021/5/7 17:49:13,
203133,1301000014,1140027435,6,426002629,2020/12/31 0:00:00,2021/5/7 17:49:13,2021/5/7 17:49:13,
203134,1301000014,1140045173,7,426002629,2020/12/31 0:00:00,2021/5/7 17:49:13,2021/5/7 17:49:13,
203407,1301000017,1140070321,1,126300157,2020/12/31 0:00:00,2021/5/7 17:49:13,2021/5/7 17:49:13,
203408,1301000017,1140070323,2,126300157,2020/12/31 0:00:00,2021/5/7 17:49:13,2021/5/7 17:49:13,
203409,1301000017,1140070326,3,126300157,2020/12/31 0:00:00,2021/5/7 17:49:13,2021/5/7 17:49:13,
203410,1301000017,1140027987,4,126300157,2020/12/31 0:00:00,2021/5/7 17:49:13,2021/5/7 17:49:13,
203411,1301000017,1140033242,5,126300157,2020/12/31 0:00:00,2021/5/7 17:49:13,2021/5/7 17:49:13,
203412,1301000017,1140070330,6,126300157,2020/12/31 0:00:00,2021/5/7 17:49:13,2021/5/7 17:49:13,
203413,1301000017,1140032792,7,126300157,2020/12/31 0:00:00,2021/5/7 17:49:13,2021/5/7 17:49:13,
203414,1301000017,1140000103,8,126300157,2020/12/31 0:00:00,2021/5/7 17:49:13,2021/5/7 17:49:13,
203415,1301000017,1140110308,9,126300157,2020/12/31 0:00:00,2021/5/7 17:49:13,2021/5/7 17:49:13,
203416,1301000017,1140110309,10,126300157,2020/12/31 0:00:00,2021/5/7 17:49:13,2021/5/7 17:49:13,
203417,1301000017,1140029174,11,126300157,2020/12/31 0:00:00,2021/5/7 17:49:13,2021/5/7 17:49:13,
203418,1301000017,1140110310,12,126300157,2020/12/31 0:00:00,2021/5/7 17:49:13,2021/5/7 17:49:13,
203419,1301000017,1140070319,13,226300157,2020/12/31 0:00:00,2021/5/7 17:49:13,2021/5/7 17:49:13,
203420,1301000017,1111000054,14,226300157,2020/12/31 0:00:00,2021/5/7 17:49:13,2021/5/7 17:49:13,
203421,1301000017,1140070320,15,226300157,2020/12/31 0:00:00,2021/5/7 17:49:13,2021/5/7 17:49:13,
203422,1301000017,1111000045,16,226300157,2020/12/31 0:00:00,2021/5/7 17:49:13,2021/5/7 17:49:13,
203423,1301000017,1140052869,17,426300157,2020/12/31 0:00:00,2021/5/7 17:49:13,2021/5/7 17:49:13,
203424,1301000017,1140006532,18,426300157,2020/12/31 0:00:00,2021/5/7 17:49:13,2021/5/7 17:49:13,
203425,1301000017,1140058802,19,426300157,2020/12/31 0:00:00,2021/5/7 17:49:13,2021/5/7 17:49:13,
203426,1301000017,1140014963,20,426300157,2020/12/31 0:00:00,2021/5/7 17:49:13,2021/5/7 17:49:13,
203427,1301000017,1140076995,21,426300157,2020/12/31 0:00:00,2021/5/7 17:49:13,2021/5/7 17:49:13,
203785,1301000020,1111000013,1,126600121,2020/12/31 0:00:00,2021/5/7 17:49:13,2021/5/7 17:49:13,
203786,1301000020,1111000011,2,126600121,2020/12/31 0:00:00,2021/5/7 17:49:13,2021/5/7 17:49:13,
203787,1301000020,1111000012,3,126600121,2020/12/31 0:00:00,2021/5/7 17:49:13,2021/5/7 17:49:13,
203788,1301000020,1140007238,4,126600121,2020/12/31 0:00:00,2021/5/7 17:49:13,2021/5/7 17:49:13,
203789,1301000020,1111000026,5,126600121,2020/12/31 0:00:00,2021/5/7 17:49:13,2021/5/7 17:49:13,
203790,1301000020,1140044949,6,326600121,2020/12/31 0:00:00,2021/5/7 17:49:13,2021/5/7 17:49:13,
203791,1301000020,1140077157,7,426600121,2020/12/31 0:00:00,2021/5/7 17:49:13,2021/5/7 17:49:13,
203977,1301000029,1113000076,1,126600408,2020/12/31 0:00:00,2021/5/7 17:49:13,2021/5/7 17:49:13,
203978,1301000029,1111000018,2,226600408,2020/12/31 0:00:00,2021/5/7 17:49:13,2021/5/7 17:49:13,
203979,1301000029,1111000019,3,326600408,2020/12/31 0:00:00,2021/5/7 17:49:13,2021/5/7 17:49:13,
203980,1301000029,1115000079,4,326600408,2020/12/31 0:00:00,2021/5/7 17:49:13,2021/5/7 17:49:13,
203981,1301000029,1140007493,5,326600408,2020/12/31 0:00:00,2021/5/7 17:49:13,2021/5/7 17:49:13,
203982,1301000029,1111000037,6,326600408,2020/12/31 0:00:00,2021/5/7 17:49:13,2021/5/7 17:49:13,
203983,1301000029,1140077157,7,426600408,2020/12/31 0:00:00,2021/5/7 17:49:13,2021/5/7 17:49:13,
203984,1301000029,1140032748,8,426600408,2020/12/31 0:00:00,2021/5/7 17:49:13,2021/5/7 17:49:13,
204245,1301000038,1115000074,1,126600759,2020/12/31 0:00:00,2021/5/7 17:49:13,2021/5/7 17:49:13,
204246,1301000038,1140052903,2,126600759,2020/12/31 0:00:00,2021/5/7 17:49:13,2021/5/7 17:49:13,
204247,1301000038,1140033888,3,126600759,2020/12/31 0:00:00,2021/5/7 17:49:13,2021/5/7 17:49:13,
204248,1301000038,1140052869,4,126600759,2020/12/31 0:00:00,2021/5/7 17:49:13,2021/5/7 17:49:13,
204249,1301000038,1140061102,5,226600759,2020/12/31 0:00:00,2021/5/7 17:49:13,2021/5/7 17:49:13,
204250,1301000039,1115000074,1,126600777,2020/12/31 0:00:00,2021/5/7 17:49:13,2021/5/7 17:49:13,
204251,1301000039,1115000044,2,126600777,2020/12/31 0:00:00,2021/5/7 17:49:13,2021/5/7 17:49:13,
204430,1301000049,1111000001,1,126601225,2020/12/31 0:00:00,2021/5/7 17:49:13,2021/5/7 17:49:13,
204431,1301000049,1111000005,2,126601225,2020/12/31 0:00:00,2021/5/7 17:49:13,2021/5/7 17:49:13,
204432,1301000049,1111000008,3,126601225,2020/12/31 0:00:00,2021/5/7 17:49:13,2021/5/7 17:49:13,
204433,1301000049,1111000004,4,126601225,2020/12/31 0:00:00,2021/5/7 17:49:13,2021/5/7 17:49:13,
204434,1301000049,1111000014,5,226601225,2020/12/31 0:00:00,2021/5/7 17:49:13,2021/5/7 17:49:13,
204435,1301000049,1140052940,6,426601225,2020/12/31 0:00:00,2021/5/7 17:49:13,2021/5/7 17:49:13,
204436,1301000049,1140044949,7,426601225,2020/12/31 0:00:00,2021/5/7 17:49:13,2021/5/7 17:49:13,
204437,1301000049,1140044947,8,426601225,2020/12/31 0:00:00,2021/5/7 17:49:13,2021/5/7 17:49:13,
204438,1301000049,1140062385,9,426601225,2020/12/31 0:00:00,2021/5/7 17:49:13,2021/5/7 17:49:13,
212477,1301000033,1111000013,1,126600546,2020/12/31 0:00:00,2021/7/5 1:08:04,2021/7/5 1:08:04,
212478,1301000033,1140007238,2,126600546,2020/12/31 0:00:00,2021/7/5 1:08:04,2021/7/5 1:08:04,
212479,1301000033,1111000012,3,126600546,2020/12/31 0:00:00,2021/7/5 1:08:04,2021/7/5 1:08:04,
212480,1301000033,1111000006,4,126600546,2020/12/31 0:00:00,2021/7/5 1:08:04,2021/7/5 1:08:04,
212481,1301000033,1140052897,5,226600546,2020/12/31 0:00:00,2021/7/5 1:08:04,2021/7/5 1:08:04,
,,,,,,,,
