enddate,infopubldate,companycode,netprofit,
2022-09-30 00:00:00,2022-10-27 00:00:00,1450,2130648119.9,
2022-09-30 00:00:00,2022-10-21 00:00:00,1655,74514101.05,
2022-06-30 00:00:00,2022-08-26 00:00:00,1450,1544467443.99,
2022-06-30 00:00:00,2022-08-12 00:00:00,1655,48058969.52,
2022-06-30 00:00:00,2022-08-31 00:00:00,175066,283720000.0,
2022-06-30 00:00:00,2022-08-26 00:00:00,200592,None,
2022-06-30 00:00:00,2022-08-31 00:00:00,16965,3686074125.79,
2022-03-31 00:00:00,2022-04-28 00:00:00,1450,772276804.71,
2022-03-31 00:00:00,2022-04-28 00:00:00,1655,23040178.88,
2021-12-31 00:00:00,2022-04-28 00:00:00,1655,95280881.78,
2021-12-31 00:00:00,2022-03-25 00:00:00,200592,None,
2021-12-31 00:00:00,2022-04-22 00:00:00,175066,154230000.0,
2021-12-31 00:00:00,2022-04-15 00:00:00,16965,7372704110.24,
2021-12-31 00:00:00,2022-04-29 00:00:00,292002,428345616.01,
2021-12-31 00:00:00,2022-03-25 00:00:00,1450,409345417.08,
2021-09-30 00:00:00,2022-10-27 00:00:00,1450,603851667.59,
2021-09-30 00:00:00,2021-10-28 00:00:00,1450,603304096.39,
2021-09-30 00:00:00,2022-10-21 00:00:00,1655,60481709.67,
2021-09-30 00:00:00,2021-10-22 00:00:00,1655,60481709.67,
2021-06-30 00:00:00,2022-08-12 00:00:00,1655,34611440.16,
2021-06-30 00:00:00,2021-08-27 00:00:00,175066,-42080000.0,
2021-06-30 00:00:00,2021-08-06 00:00:00,1655,34611440.16,
2021-06-30 00:00:00,2021-08-31 00:00:00,16965,1964000000.0,
2021-06-30 00:00:00,2021-08-26 00:00:00,1450,421985308.17,
2021-06-30 00:00:00,2021-08-31 00:00:00,150481,2485768721.46,
2021-06-30 00:00:00,2022-08-26 00:00:00,1450,422437456.56,
2021-06-30 00:00:00,2021-08-26 00:00:00,200592,None,
2021-06-30 00:00:00,2022-08-31 00:00:00,16965,1963527758.7,
2021-03-31 00:00:00,2022-04-28 00:00:00,1450,200301925.35,
2021-03-31 00:00:00,2021-04-28 00:00:00,1655,13952151.32,
2021-03-31 00:00:00,2021-04-23 00:00:00,1450,200301925.35,
2021-03-31 00:00:00,2022-04-28 00:00:00,1655,13952151.32,
2020-12-31 00:00:00,2021-04-30 00:00:00,292002,421780337.24,
2020-12-31 00:00:00,2022-04-28 00:00:00,1655,17528492.16,
2020-12-31 00:00:00,2022-04-15 00:00:00,16965,2304262384.63,
2020-12-31 00:00:00,2021-04-23 00:00:00,150481,3135969366.25,
2020-12-31 00:00:00,2021-04-28 00:00:00,1655,17528492.16,
2020-12-31 00:00:00,2021-04-20 00:00:00,175066,-439640000.0,
2020-12-31 00:00:00,2022-04-29 00:00:00,292002,421780337.24,
2020-12-31 00:00:00,2021-04-27 00:00:00,200592,None,
2020-12-31 00:00:00,2021-04-15 00:00:00,16965,2304262384.63,
2020-12-31 00:00:00,2021-03-25 00:00:00,1450,600566211.38,
2020-12-31 00:00:00,2022-03-25 00:00:00,1450,600566211.38,
2020-09-30 00:00:00,2020-10-27 00:00:00,1655,16061449.45,
2020-09-30 00:00:00,2021-10-28 00:00:00,1450,559060148.22,
2020-09-30 00:00:00,2021-10-22 00:00:00,1655,16061449.45,
2020-09-30 00:00:00,2020-10-29 00:00:00,1450,559060148.22,
2020-09-30 00:00:00,2020-10-29 00:00:00,292002,337629005.79,
2020-06-30 00:00:00,2020-08-18 00:00:00,150481,1510600857.49,
2020-06-30 00:00:00,2021-08-31 00:00:00,16965,816000000.0,
2020-06-30 00:00:00,2020-08-29 00:00:00,16965,816918414.12,
2020-06-30 00:00:00,2021-08-06 00:00:00,1655,12880610.29,
2020-06-30 00:00:00,2020-08-08 00:00:00,1655,12880610.29,
2020-06-30 00:00:00,2021-08-26 00:00:00,1450,447635302.94,
2020-06-30 00:00:00,2020-08-29 00:00:00,1450,447635302.94,
2020-06-30 00:00:00,2020-08-28 00:00:00,292002,249331426.22,
2020-06-30 00:00:00,2020-08-29 00:00:00,200592,None,
2020-06-30 00:00:00,2020-08-28 00:00:00,175066,-187370000.0,
2020-06-30 00:00:00,2021-08-31 00:00:00,150481,1510600857.49,
2020-03-31 00:00:00,2020-04-17 00:00:00,1655,7241335.27,
2020-03-31 00:00:00,2021-04-23 00:00:00,1450,216722248.65,
2020-03-31 00:00:00,2021-04-28 00:00:00,1655,7241335.27,
2020-03-31 00:00:00,2020-04-29 00:00:00,1450,216722248.65,
2020-03-31 00:00:00,2020-04-30 00:00:00,292002,119285551.6,
2020-03-31 00:00:00,2020-04-28 00:00:00,150481,801301109.61,
2019-12-31 00:00:00,2021-04-28 00:00:00,1655,56030673.24,
2019-12-31 00:00:00,2020-03-21 00:00:00,1450,488677237.64,
2019-12-31 00:00:00,2020-04-15 00:00:00,16965,1932547099.97,
2019-12-31 00:00:00,2021-04-15 00:00:00,16965,1926170595.5,
2019-12-31 00:00:00,2020-03-21 00:00:00,200592,None,
2019-12-31 00:00:00,2020-03-05 00:00:00,1655,56030673.24,
2019-12-31 00:00:00,2020-04-30 00:00:00,292002,343139008.37,
2019-12-31 00:00:00,2021-03-25 00:00:00,1450,488677237.64,
2019-12-31 00:00:00,2021-04-23 00:00:00,150481,3443658721.86,
2019-12-31 00:00:00,2020-04-27 00:00:00,150481,3443658721.86,
2019-12-31 00:00:00,2021-04-30 00:00:00,292002,185526022.57,
2019-12-31 00:00:00,2020-04-28 00:00:00,175066,36780000.0,
2019-09-30 00:00:00,2020-10-27 00:00:00,1655,44523278.31,
2019-09-30 00:00:00,2019-10-16 00:00:00,1655,44523278.31,
2019-09-30 00:00:00,2020-10-29 00:00:00,1450,621973741.8,
2019-09-30 00:00:00,2019-10-29 00:00:00,1450,621973741.8,
2019-09-30 00:00:00,2020-10-29 00:00:00,292002,269546977.42,
2019-09-30 00:00:00,2019-10-22 00:00:00,292002,269546977.42,
2019-09-30 00:00:00,2019-10-28 00:00:00,150481,2764726869.82,
2019-06-30 00:00:00,2020-08-29 00:00:00,1450,454390392.27,
2019-06-30 00:00:00,2020-08-08 00:00:00,1655,30115134.88,
2019-06-30 00:00:00,2020-08-29 00:00:00,16965,907751961.73,
2019-06-30 00:00:00,2019-08-24 00:00:00,1450,454390392.27,
2019-06-30 00:00:00,2019-08-16 00:00:00,292002,205067258.89,
2019-06-30 00:00:00,2019-08-24 00:00:00,200592,None,
2019-06-30 00:00:00,2019-08-30 00:00:00,16965,850390575.22,
2019-06-30 00:00:00,2019-08-28 00:00:00,175066,126030000.0,
2019-06-30 00:00:00,2019-08-13 00:00:00,150481,1910735005.83,
2019-06-30 00:00:00,2020-08-28 00:00:00,292002,205067258.89,
2019-06-30 00:00:00,2019-07-25 00:00:00,1655,30115134.88,
2019-06-30 00:00:00,2020-08-18 00:00:00,150481,1910735005.83,
2019-03-31 00:00:00,2019-04-18 00:00:00,1655,10125519.23,
2019-03-31 00:00:00,2020-04-29 00:00:00,1450,225932123.66,
2019-03-31 00:00:00,2020-04-28 00:00:00,150481,960156013.03,
2019-03-31 00:00:00,2019-04-24 00:00:00,1450,225932123.66,
2019-03-31 00:00:00,2020-04-30 00:00:00,292002,109183248.79,
2019-03-31 00:00:00,2019-04-29 00:00:00,292002,109183248.79,
2019-03-31 00:00:00,2019-04-30 00:00:00,150481,953988544.5,
2019-03-31 00:00:00,2020-04-17 00:00:00,1655,10125519.23,
2018-12-31 00:00:00,2020-03-05 00:00:00,1655,108607453.8,
2018-12-31 00:00:00,2019-03-16 00:00:00,1450,581774493.39,
2018-12-31 00:00:00,2019-03-28 00:00:00,16965,1655379799.18,
2018-12-31 00:00:00,2020-04-15 00:00:00,16965,1699939502.48,
2018-12-31 00:00:00,2019-03-16 00:00:00,200592,None,
2018-12-31 00:00:00,2019-02-13 00:00:00,1655,108607453.8,
2018-12-31 00:00:00,2019-04-28 00:00:00,292002,290975102.79,
2018-12-31 00:00:00,2020-03-21 00:00:00,1450,581774493.39,
2018-12-31 00:00:00,2020-04-27 00:00:00,150481,3917483368.92,
2018-12-31 00:00:00,2019-04-30 00:00:00,150481,3905436964.78,
2018-12-31 00:00:00,2020-04-30 00:00:00,292002,290975102.79,
2018-12-31 00:00:00,2019-04-26 00:00:00,175066,185440000.0,
2018-09-30 00:00:00,2019-10-16 00:00:00,1655,72761053.84,
2018-09-30 00:00:00,2018-10-16 00:00:00,1655,72761053.84,
2018-09-30 00:00:00,2019-10-29 00:00:00,1450,727419860.15,
2018-09-30 00:00:00,2018-10-24 00:00:00,1450,727419860.15,
2018-09-30 00:00:00,2019-10-22 00:00:00,292002,248960498.96,
2018-09-30 00:00:00,2019-10-28 00:00:00,150481,2788464889.13,
2018-09-30 00:00:00,2018-10-30 00:00:00,150481,2777482267.13,
2018-06-30 00:00:00,2018-08-29 00:00:00,150481,1822311688.34,
2018-06-30 00:00:00,2019-08-30 00:00:00,16965,701992277.14,
2018-06-30 00:00:00,2018-08-22 00:00:00,1450,583664370.57,
2018-06-30 00:00:00,2019-08-24 00:00:00,1450,583664370.57,
2018-06-30 00:00:00,2019-08-13 00:00:00,150481,1828587115.68,
2018-06-30 00:00:00,2018-07-26 00:00:00,1655,35546969.17,
2018-06-30 00:00:00,2019-08-16 00:00:00,292002,186891866.98,
2018-06-30 00:00:00,2019-07-25 00:00:00,1655,35546969.17,
2018-03-31 00:00:00,2018-04-28 00:00:00,1450,330420517.12,
2018-03-31 00:00:00,2019-04-18 00:00:00,1655,5383286.55,
2018-03-31 00:00:00,2019-04-24 00:00:00,1450,330420517.12,
2018-03-31 00:00:00,2019-04-30 00:00:00,150481,1014753753.9,
2018-03-31 00:00:00,2019-04-29 00:00:00,292002,96124576.54,
2018-03-31 00:00:00,2018-04-13 00:00:00,1655,5383286.55,
2018-03-31 00:00:00,2018-04-27 00:00:00,150481,1014753753.9,
2017-12-31 00:00:00,2019-02-13 00:00:00,1655,60801888.47,
2017-12-31 00:00:00,2018-02-10 00:00:00,1655,60801888.47,
2017-12-31 00:00:00,2018-03-21 00:00:00,1450,315356295.34,
2017-12-31 00:00:00,2019-04-28 00:00:00,292002,292433853.83,
2017-12-31 00:00:00,2018-03-09 00:00:00,150481,3231464245.54,
2017-12-31 00:00:00,2019-04-30 00:00:00,150481,3231464245.54,
2017-12-31 00:00:00,2019-03-28 00:00:00,16965,1224066289.28,
2017-12-31 00:00:00,2019-03-16 00:00:00,1450,315356295.34,
2017-09-30 00:00:00,2017-10-31 00:00:00,150481,2447514917.24,
2017-09-30 00:00:00,2017-10-21 00:00:00,1655,59521221.05,
2017-09-30 00:00:00,2017-10-28 00:00:00,1450,498897274.26,
2017-09-30 00:00:00,2018-10-30 00:00:00,150481,2618505070.0,
2017-09-30 00:00:00,2018-10-16 00:00:00,1655,59521221.05,
2017-09-30 00:00:00,2018-10-24 00:00:00,1450,498897274.26,
2017-06-30 00:00:00,2018-07-26 00:00:00,1655,40554387.18,
2017-06-30 00:00:00,2017-08-03 00:00:00,1655,40554387.18,
2017-06-30 00:00:00,2018-08-22 00:00:00,1450,287948408.69,
2017-06-30 00:00:00,2017-08-24 00:00:00,1450,287948408.69,
2017-06-30 00:00:00,2017-08-28 00:00:00,175066,491331881.55,
2017-06-30 00:00:00,2018-08-29 00:00:00,150481,1234391551.46,
2017-06-30 00:00:00,2017-08-28 00:00:00,150481,1234391551.46,
2017-03-31 00:00:00,2018-04-27 00:00:00,150481,567980904.09,
2017-03-31 00:00:00,2017-04-28 00:00:00,175066,374669445.33,
2017-03-31 00:00:00,2018-04-28 00:00:00,1450,158827659.5,
2017-03-31 00:00:00,2017-04-20 00:00:00,1655,24900115.27,
2017-03-31 00:00:00,2018-04-13 00:00:00,1655,24900115.27,
2017-03-31 00:00:00,2017-04-28 00:00:00,1450,158827659.5,
2017-03-31 00:00:00,2017-04-28 00:00:00,150481,567980904.09,
2016-12-31 00:00:00,2017-03-23 00:00:00,1450,413424111.14,
2016-12-31 00:00:00,2017-04-28 00:00:00,150481,887354014.11,
2016-12-31 00:00:00,2017-03-15 00:00:00,1655,43130757.49,
2016-12-31 00:00:00,2018-03-21 00:00:00,1450,413424111.14,
2016-12-31 00:00:00,2017-04-29 00:00:00,175066,197334227.97,
2016-12-31 00:00:00,2018-03-09 00:00:00,150481,268815997.31,
2016-12-31 00:00:00,2018-02-10 00:00:00,1655,43130757.49,
2016-09-30 00:00:00,2016-10-29 00:00:00,1450,282206696.16,
2016-09-30 00:00:00,2017-10-28 00:00:00,1450,282206696.16,
2016-09-30 00:00:00,2016-10-25 00:00:00,1655,23883650.68,
2016-09-30 00:00:00,2016-10-31 00:00:00,175066,-293214912.51,
2016-09-30 00:00:00,2017-10-31 00:00:00,150481,1152985.54,
2016-09-30 00:00:00,2017-03-09 00:00:00,150481,1152985.54,
2016-09-30 00:00:00,2017-10-21 00:00:00,1655,23883650.68,
2016-09-30 00:00:00,2016-10-31 00:00:00,150481,1152985.54,
2016-06-30 00:00:00,2016-08-31 00:00:00,150481,-350405874.37,
2016-06-30 00:00:00,2017-08-03 00:00:00,1655,9962774.29,
2016-06-30 00:00:00,2016-08-08 00:00:00,1655,9962774.29,
2016-06-30 00:00:00,2017-08-24 00:00:00,1450,275945901.78,
2016-06-30 00:00:00,2016-08-25 00:00:00,1450,275945901.78,
2016-06-30 00:00:00,2017-08-28 00:00:00,175066,-222447557.04,
2016-06-30 00:00:00,2016-08-31 00:00:00,175066,-222447557.04,
2016-06-30 00:00:00,2017-08-28 00:00:00,150481,-350405874.37,
2016-03-31 00:00:00,2017-04-28 00:00:00,1450,3992919.69,
2016-03-31 00:00:00,2016-04-29 00:00:00,175066,15111793.95,
2016-03-31 00:00:00,2016-04-28 00:00:00,1450,3992919.69,
2016-03-31 00:00:00,2016-04-29 00:00:00,200592,-275319905.64,
2016-03-31 00:00:00,2016-04-26 00:00:00,1655,2629931.3,
2016-03-31 00:00:00,2017-04-28 00:00:00,175066,15111793.95,
2016-03-31 00:00:00,2017-04-20 00:00:00,1655,2629931.3,
2016-03-31 00:00:00,2016-04-29 00:00:00,150481,-310493481.84,
2015-12-31 00:00:00,2016-03-23 00:00:00,1450,-29738735.67,
2015-12-31 00:00:00,2016-01-29 00:00:00,1655,253494193.77,
2015-12-31 00:00:00,2017-04-29 00:00:00,175066,-444146245.23,
2015-12-31 00:00:00,2017-03-15 00:00:00,1655,253494193.77,
2015-12-31 00:00:00,2016-04-29 00:00:00,150481,-2190601247.59,
2015-12-31 00:00:00,2017-03-23 00:00:00,1450,-29738735.67,
2015-12-31 00:00:00,2016-04-29 00:00:00,200592,-2893569753.73,
2015-12-31 00:00:00,2016-04-27 00:00:00,175066,-444146245.23,
2015-12-31 00:00:00,2017-04-28 00:00:00,150481,-1947548106.56,
2015-09-30 00:00:00,2015-10-28 00:00:00,1450,1059877.66,
2015-09-30 00:00:00,2015-10-30 00:00:00,175066,-214657599.93,
2015-09-30 00:00:00,2016-10-31 00:00:00,175066,-260138825.62,
2015-09-30 00:00:00,2015-10-20 00:00:00,1655,243534575.36,
2015-09-30 00:00:00,2015-10-30 00:00:00,200592,-2380084896.15,
2015-09-30 00:00:00,2017-03-09 00:00:00,150481,-1743325337.15,
2015-09-30 00:00:00,2016-10-31 00:00:00,150481,-1743325337.15,
2015-09-30 00:00:00,2016-04-18 00:00:00,150481,-1743325337.15,
2015-09-30 00:00:00,2016-03-25 00:00:00,150481,-1743325337.15,
2015-09-30 00:00:00,2015-10-29 00:00:00,150481,-1743325337.15,
2015-09-30 00:00:00,2016-10-29 00:00:00,1450,1059877.66,
2015-09-30 00:00:00,2015-10-27 00:00:00,16965,846030170.88,
2015-09-30 00:00:00,2016-10-25 00:00:00,1655,243534575.36,
2015-06-30 00:00:00,2015-08-28 00:00:00,150481,-1075611024.99,
2015-06-30 00:00:00,2015-08-18 00:00:00,1655,-130632204.91,
2015-06-30 00:00:00,2016-08-31 00:00:00,150481,-1075611024.99,
2015-06-30 00:00:00,2016-08-25 00:00:00,1450,1634969.01,
2015-06-30 00:00:00,2016-08-08 00:00:00,1655,-130632204.91,
2015-06-30 00:00:00,2015-08-21 00:00:00,16965,556726655.42,
2015-06-30 00:00:00,2015-08-22 00:00:00,1450,1634969.01,
2015-06-30 00:00:00,2015-08-25 00:00:00,175066,-87807372.16,
2015-06-30 00:00:00,2016-08-31 00:00:00,175066,-87814623.04,
2015-06-30 00:00:00,2015-08-28 00:00:00,200592,-1336605400.46,
2015-03-31 00:00:00,2016-04-29 00:00:00,200592,-230572943.21,
2015-03-31 00:00:00,2016-04-29 00:00:00,175066,102008412.76,
2015-03-31 00:00:00,2015-04-22 00:00:00,175066,97717794.32,
2015-03-31 00:00:00,2016-04-29 00:00:00,150481,-463419349.61,
2015-03-31 00:00:00,2015-06-05 00:00:00,150481,-470377542.92,
2015-03-31 00:00:00,2015-04-30 00:00:00,150481,-470377542.92,
2015-03-31 00:00:00,2015-04-23 00:00:00,16965,227484634.24,
2015-03-31 00:00:00,2016-04-26 00:00:00,1655,-47402178.11,
2015-03-31 00:00:00,2015-04-20 00:00:00,1655,-47402178.11,
2015-03-31 00:00:00,2016-04-28 00:00:00,1450,7205173.01,
2015-03-31 00:00:00,2015-04-25 00:00:00,1450,7205173.01,
2015-03-31 00:00:00,2015-08-27 00:00:00,150481,-470377542.92,
2014-12-31 00:00:00,2015-04-20 00:00:00,1655,-300586264.59,
2014-12-31 00:00:00,2016-01-29 00:00:00,1655,-300586264.59,
2014-12-31 00:00:00,2016-04-27 00:00:00,175066,-75949678.07,
2014-12-31 00:00:00,2015-03-21 00:00:00,1450,15776175.0,
2014-12-31 00:00:00,2015-04-23 00:00:00,16965,1282817924.61,
2014-12-31 00:00:00,2015-04-30 00:00:00,150481,-1578708780.11,
2014-12-31 00:00:00,2015-04-22 00:00:00,175066,-687645891.1,
2014-12-31 00:00:00,2016-03-23 00:00:00,1450,15776175.0,
2014-12-31 00:00:00,2016-04-29 00:00:00,200592,81992152.67,
2014-12-31 00:00:00,2016-04-29 00:00:00,150481,-1574703087.55,
2014-09-30 00:00:00,2014-10-18 00:00:00,1655,-174158152.05,
2014-09-30 00:00:00,2015-10-28 00:00:00,1450,39889234.29,
2014-09-30 00:00:00,2014-10-24 00:00:00,1450,39889234.29,
2014-09-30 00:00:00,2014-10-30 00:00:00,150481,-979370358.07,
2014-09-30 00:00:00,2015-10-30 00:00:00,200592,112699140.43,
2014-09-30 00:00:00,2015-10-30 00:00:00,175066,-122991640.77,
2014-09-30 00:00:00,2014-10-30 00:00:00,175066,-401819865.98,
2014-09-30 00:00:00,2016-04-18 00:00:00,150481,-974742908.92,
2014-09-30 00:00:00,2016-03-25 00:00:00,150481,-974742908.92,
2014-09-30 00:00:00,2015-10-29 00:00:00,150481,-974742908.92,
2014-09-30 00:00:00,2015-03-02 00:00:00,150481,-979370358.07,
2014-09-30 00:00:00,2014-11-25 00:00:00,150481,-979370358.07,
2014-09-30 00:00:00,2015-10-27 00:00:00,16965,841869239.66,
2014-09-30 00:00:00,2015-10-20 00:00:00,1655,-174158152.05,
2014-06-30 00:00:00,2015-08-28 00:00:00,200592,519951005.92,
2014-06-30 00:00:00,2015-08-25 00:00:00,175066,-39648360.79,
2014-06-30 00:00:00,2014-07-31 00:00:00,1655,-98949657.66,
2014-06-30 00:00:00,2015-08-21 00:00:00,16965,560818382.43,
2014-06-30 00:00:00,2014-08-22 00:00:00,175066,-247073949.14,
2014-06-30 00:00:00,2015-08-22 00:00:00,1450,39787087.29,
2014-06-30 00:00:00,2014-08-28 00:00:00,150481,-381397641.93,
2014-06-30 00:00:00,2014-09-09 00:00:00,150481,-381397641.93,
2014-06-30 00:00:00,2015-08-18 00:00:00,1655,-98949657.66,
2014-06-30 00:00:00,2015-08-28 00:00:00,150481,-381397641.93,
2014-06-30 00:00:00,2014-08-16 00:00:00,1450,39787087.29,
2014-03-31 00:00:00,2014-04-28 00:00:00,175066,-80035261.5,
2014-03-31 00:00:00,2015-04-20 00:00:00,1655,-27049484.94,
2014-03-31 00:00:00,2014-06-20 00:00:00,150481,-119804343.12,
2014-03-31 00:00:00,2014-04-19 00:00:00,1655,-27049484.94,
2014-03-31 00:00:00,2014-04-26 00:00:00,1450,26350695.88,
2014-03-31 00:00:00,2015-04-25 00:00:00,1450,26350695.88,
2014-03-31 00:00:00,2015-09-02 00:00:00,150481,14215656.88,
2014-03-31 00:00:00,2015-08-27 00:00:00,150481,14215656.88,
2014-03-31 00:00:00,2015-06-05 00:00:00,150481,14215656.88,
2014-03-31 00:00:00,2015-04-22 00:00:00,175066,118325597.92,
2014-03-31 00:00:00,2015-04-30 00:00:00,150481,14215656.88,
2013-12-31 00:00:00,2014-03-25 00:00:00,1655,-148873819.17,
2013-12-31 00:00:00,2015-04-22 00:00:00,175066,54383895.22,
2013-12-31 00:00:00,2015-04-20 00:00:00,1655,-148873819.17,
2013-12-31 00:00:00,2014-03-19 00:00:00,1450,135233746.7,
2013-12-31 00:00:00,2015-04-23 00:00:00,16965,1305820912.47,
2013-12-31 00:00:00,2015-04-30 00:00:00,150481,113858204.92,
2013-12-31 00:00:00,2014-04-29 00:00:00,175066,54383895.22,
2013-12-31 00:00:00,2015-03-21 00:00:00,1450,135233746.7,
2013-12-31 00:00:00,2014-04-28 00:00:00,175066,54383895.22,
2013-09-30 00:00:00,2013-10-19 00:00:00,1655,-68725347.25,
2013-09-30 00:00:00,2014-10-24 00:00:00,1450,194474838.38,
2013-09-30 00:00:00,2013-10-26 00:00:00,1450,194474838.38,
2013-09-30 00:00:00,2014-10-30 00:00:00,175066,80609706.09,
2013-09-30 00:00:00,2013-10-28 00:00:00,175066,80609706.09,
2013-09-30 00:00:00,2015-03-02 00:00:00,150481,103565867.94,
2013-09-30 00:00:00,2014-11-25 00:00:00,150481,103565867.94,
2013-09-30 00:00:00,2014-10-30 00:00:00,150481,103565867.94,
2013-09-30 00:00:00,2014-10-18 00:00:00,1655,-68725347.25,
2013-06-30 00:00:00,2014-08-28 00:00:00,150481,107813230.48,
2013-06-30 00:00:00,2014-09-09 00:00:00,150481,107813230.48,
2013-06-30 00:00:00,2014-07-31 00:00:00,1655,1742317.07,
2013-06-30 00:00:00,2013-07-31 00:00:00,1655,1742317.07,
2013-06-30 00:00:00,2013-08-22 00:00:00,175066,39669877.56,
2013-06-30 00:00:00,2014-08-16 00:00:00,1450,210935625.25,
2013-06-30 00:00:00,2014-08-22 00:00:00,175066,39669877.56,
2013-06-30 00:00:00,2013-08-21 00:00:00,1450,210935625.25,
2013-03-31 00:00:00,2014-04-28 00:00:00,175066,85109193.03,
2013-03-31 00:00:00,2013-04-27 00:00:00,175066,85109193.03,
2013-03-31 00:00:00,2013-04-20 00:00:00,1655,-5305417.79,
2013-03-31 00:00:00,2014-06-20 00:00:00,150481,-484998149.24,
2013-03-31 00:00:00,2013-04-27 00:00:00,1450,146719811.41,
2013-03-31 00:00:00,2014-04-26 00:00:00,1450,146719811.41,
2013-03-31 00:00:00,2014-04-19 00:00:00,1655,-5305417.79,
2012-12-31 00:00:00,2014-04-29 00:00:00,175066,280064473.68,
2012-12-31 00:00:00,2014-03-19 00:00:00,1450,935267293.8,
2012-12-31 00:00:00,2014-04-28 00:00:00,175066,280064473.68,
2012-12-31 00:00:00,2013-03-16 00:00:00,1450,935267293.8,
2012-12-31 00:00:00,2014-03-25 00:00:00,1655,128939258.25,
2012-12-31 00:00:00,2013-01-25 00:00:00,1655,78814999.56,
2012-12-31 00:00:00,2013-04-27 00:00:00,175066,366280057.22,
2012-09-30 00:00:00,2013-10-26 00:00:00,1450,749939135.33,
2012-09-30 00:00:00,2012-10-24 00:00:00,1450,749939135.33,
2012-09-30 00:00:00,2012-10-20 00:00:00,1655,-46292218.57,
2012-09-30 00:00:00,2013-10-28 00:00:00,175066,451598593.04,
2012-09-30 00:00:00,2013-10-19 00:00:00,1655,-18464092.31,
2012-06-30 00:00:00,2013-07-31 00:00:00,1655,13997495.36,
2012-06-30 00:00:00,2013-08-21 00:00:00,1450,596595583.63,
2012-06-30 00:00:00,2013-08-22 00:00:00,175066,517821531.48,
2012-06-30 00:00:00,2012-08-22 00:00:00,1450,596595583.63,
2012-06-30 00:00:00,2012-08-16 00:00:00,1655,-9445646.79,
2012-03-31 00:00:00,2012-04-17 00:00:00,1655,2734573.13,
2012-03-31 00:00:00,2013-04-27 00:00:00,1450,322640660.91,
2012-03-31 00:00:00,2012-04-28 00:00:00,1450,322640660.91,
2012-03-31 00:00:00,2013-04-20 00:00:00,1655,20353730.53,
2012-03-31 00:00:00,2013-04-27 00:00:00,175066,389962795.05,
2011-12-31 00:00:00,2013-03-16 00:00:00,1450,1432656814.46,
2011-12-31 00:00:00,2013-04-27 00:00:00,175066,1659063550.08,
2011-12-31 00:00:00,2013-01-25 00:00:00,1655,-245805464.92,
2011-12-31 00:00:00,2012-03-28 00:00:00,1450,1432656814.46,
2011-12-31 00:00:00,2012-04-17 00:00:00,1655,-245805464.92,
2011-09-30 00:00:00,2012-10-24 00:00:00,1450,1134354028.43,
2011-09-30 00:00:00,2011-10-22 00:00:00,1450,1134354028.43,
2011-09-30 00:00:00,2011-10-25 00:00:00,1655,-110184672.31,
2011-09-30 00:00:00,2012-10-20 00:00:00,1655,-110184672.31,
2011-06-30 00:00:00,2011-07-26 00:00:00,1655,-60758542.85,
2011-06-30 00:00:00,2012-08-22 00:00:00,1450,783642378.21,
2011-06-30 00:00:00,2011-08-17 00:00:00,1450,783642378.21,
2011-06-30 00:00:00,2012-08-16 00:00:00,1655,-60758542.85,
2011-03-31 00:00:00,2011-04-28 00:00:00,1450,301467193.17,
2011-03-31 00:00:00,2012-04-28 00:00:00,1450,301467193.17,
2011-03-31 00:00:00,2011-04-20 00:00:00,1655,-29262301.59,
2011-03-31 00:00:00,2012-04-17 00:00:00,1655,-29262301.59,
2010-12-31 00:00:00,2012-03-28 00:00:00,1450,1348976763.23,
2010-12-31 00:00:00,2011-03-05 00:00:00,1655,1103068407.46,
2010-12-31 00:00:00,2012-04-17 00:00:00,1655,1103068407.46,
2010-12-31 00:00:00,2011-03-23 00:00:00,1450,1348976763.23,
2010-09-30 00:00:00,2011-10-25 00:00:00,1655,-89433993.79,
2010-09-30 00:00:00,2011-10-22 00:00:00,1450,1050602085.4,
2010-09-30 00:00:00,2010-10-16 00:00:00,1655,-89433993.79,
2010-09-30 00:00:00,2010-10-27 00:00:00,1450,1050602085.4,
2010-06-30 00:00:00,2010-08-14 00:00:00,1450,939395774.56,
2010-06-30 00:00:00,2011-08-17 00:00:00,1450,939395774.56,
2010-06-30 00:00:00,2010-08-19 00:00:00,1655,-65410105.72,
2010-06-30 00:00:00,2011-07-26 00:00:00,1655,-65410105.72,
2010-03-31 00:00:00,2010-04-21 00:00:00,1655,-30004968.34,
2010-03-31 00:00:00,2011-04-28 00:00:00,1450,304542872.95,
2010-03-31 00:00:00,2010-04-23 00:00:00,1450,304542872.95,
2010-03-31 00:00:00,2011-04-20 00:00:00,1655,-30004968.34,
2009-12-31 00:00:00,2011-03-05 00:00:00,1655,-22607093.36,
2009-12-31 00:00:00,2010-04-23 00:00:00,1450,967388019.63,
2009-12-31 00:00:00,2011-03-23 00:00:00,1450,967388019.63,
2009-12-31 00:00:00,2010-03-30 00:00:00,1655,-22607093.36,
2009-09-30 00:00:00,2009-10-30 00:00:00,1655,-40220302.24,
2009-09-30 00:00:00,2010-10-27 00:00:00,1450,639462168.69,
2009-09-30 00:00:00,2009-10-29 00:00:00,1450,646140264.0,
2009-09-30 00:00:00,2010-10-16 00:00:00,1655,-40220302.24,
2009-06-30 00:00:00,2009-08-15 00:00:00,1450,433902018.62,
2009-06-30 00:00:00,2009-08-05 00:00:00,1655,-11715668.88,
2009-06-30 00:00:00,2010-08-14 00:00:00,1450,420142918.37,
2009-06-30 00:00:00,2010-08-19 00:00:00,1655,-11715668.88,
2009-03-31 00:00:00,2009-04-28 00:00:00,1450,178776343.46,
2009-03-31 00:00:00,2009-04-18 00:00:00,1655,-3908315.5,
2009-03-31 00:00:00,2010-04-23 00:00:00,1450,141847994.19,
2009-03-31 00:00:00,2010-04-21 00:00:00,1655,-3908315.5,
2008-12-31 00:00:00,2010-03-30 00:00:00,1655,-1493696696.79,
2008-12-31 00:00:00,2009-03-28 00:00:00,1450,1084971679.07,
2008-12-31 00:00:00,2010-04-23 00:00:00,1450,1008579069.73,
2008-12-31 00:00:00,2009-03-03 00:00:00,1655,-1493691315.77,
2008-09-30 00:00:00,2008-10-28 00:00:00,1655,-300838838.5,
2008-09-30 00:00:00,2009-10-29 00:00:00,1450,903967643.82,
2008-09-30 00:00:00,2008-10-25 00:00:00,1450,893134637.68,
2008-09-30 00:00:00,2009-10-30 00:00:00,1655,-300838838.5,
2008-06-30 00:00:00,2008-07-29 00:00:00,1450,585297625.54,
2008-06-30 00:00:00,2008-08-09 00:00:00,1655,-73808417.17,
2008-06-30 00:00:00,2009-08-15 00:00:00,1450,594582016.17,
2008-06-30 00:00:00,2009-08-05 00:00:00,1655,-73808417.17,
2008-03-31 00:00:00,2008-04-28 00:00:00,1450,193315179.43,
2008-03-31 00:00:00,2008-04-26 00:00:00,1655,-47198609.73,
2008-03-31 00:00:00,2009-04-28 00:00:00,1450,228599806.12,
2008-03-31 00:00:00,2009-04-18 00:00:00,1655,-47198609.73,
2007-12-31 00:00:00,2009-03-03 00:00:00,1655,960793567.74,
2007-12-31 00:00:00,2008-04-10 00:00:00,1450,544184423.02,
2007-12-31 00:00:00,2009-03-28 00:00:00,1450,653468401.88,
2007-12-31 00:00:00,2008-02-04 00:00:00,1655,960793567.74,
2007-09-30 00:00:00,2007-10-31 00:00:00,1655,-181164148.01,
2007-09-30 00:00:00,2008-10-25 00:00:00,1450,471324300.6,
2007-09-30 00:00:00,2007-10-27 00:00:00,1450,471324300.6,
2007-09-30 00:00:00,2008-10-28 00:00:00,1655,-181164148.01,
2007-06-30 00:00:00,2007-08-24 00:00:00,1450,339205343.78,
2007-06-30 00:00:00,2007-08-31 00:00:00,1655,-144756154.52,
2007-06-30 00:00:00,2008-07-29 00:00:00,1450,339205343.78,
2007-06-30 00:00:00,2008-08-09 00:00:00,1655,-144756154.52,
2007-03-31 00:00:00,2007-04-28 00:00:00,1450,158166331.5,
2007-03-31 00:00:00,2007-04-30 00:00:00,1655,-84191546.41,
2007-03-31 00:00:00,2008-04-28 00:00:00,1450,158166331.5,
2007-03-31 00:00:00,2008-04-26 00:00:00,1655,-84191546.41,
2006-12-31 00:00:00,2007-04-30 00:00:00,1655,-1492227926.64,
2006-12-31 00:00:00,2007-04-18 00:00:00,1450,456282239.82,
2006-12-31 00:00:00,2008-04-10 00:00:00,1450,468200756.53,
2006-12-31 00:00:00,2008-02-04 00:00:00,1655,-1658661780.09,
2006-09-30 00:00:00,2006-10-31 00:00:00,1655,-203013547.75,
2006-09-30 00:00:00,2007-10-27 00:00:00,1450,341055204.71,
2006-09-30 00:00:00,2006-10-27 00:00:00,1450,340781784.72,
2006-09-30 00:00:00,2007-10-31 00:00:00,1655,-209274612.61,
2006-06-30 00:00:00,2006-08-19 00:00:00,1450,267689903.1,
2006-06-30 00:00:00,2006-08-31 00:00:00,1655,-149439902.48,
2006-06-30 00:00:00,2007-08-24 00:00:00,1450,272629229.5,
2006-06-30 00:00:00,2007-08-31 00:00:00,1655,-149612610.41,
2006-03-31 00:00:00,2006-04-27 00:00:00,1450,128078754.07,
2006-03-31 00:00:00,2006-04-29 00:00:00,1655,-70842214.74,
2006-03-31 00:00:00,2007-04-28 00:00:00,1450,128169894.07,
2006-03-31 00:00:00,2007-04-30 00:00:00,1655,-70842214.74,
2005-12-31 00:00:00,2006-02-18 00:00:00,1450,394138985.85,
2005-12-31 00:00:00,2007-04-18 00:00:00,1450,394138985.85,
2005-12-31 00:00:00,2007-04-30 00:00:00,1655,-458927424.36,
2005-12-31 00:00:00,2006-04-29 00:00:00,1655,-458927424.36,
2005-09-30 00:00:00,2006-10-31 00:00:00,1655,2197954.65,
2005-09-30 00:00:00,2005-10-20 00:00:00,413,559335663.71,
2005-09-30 00:00:00,2005-10-27 00:00:00,1450,326371074.25,
2005-09-30 00:00:00,2005-10-21 00:00:00,372,-800056584.5,
2005-09-30 00:00:00,2006-10-27 00:00:00,1450,326371074.25,
2005-09-30 00:00:00,2005-10-22 00:00:00,1655,2197954.65,
2005-09-30 00:00:00,2005-10-29 00:00:00,257,-147220191.0,
2005-06-30 00:00:00,2006-08-19 00:00:00,1450,258961680.84,
2005-06-30 00:00:00,2005-08-19 00:00:00,1450,258961680.84,
2005-06-30 00:00:00,2006-08-31 00:00:00,1655,4674720.64,
2005-06-30 00:00:00,2005-08-30 00:00:00,1655,4674720.64,
2005-06-30 00:00:00,2005-08-13 00:00:00,257,130450887.0,
2005-06-30 00:00:00,2005-07-29 00:00:00,413,367731746.9,
2005-06-30 00:00:00,2005-08-02 00:00:00,372,-617603751.28,
2005-03-31 00:00:00,2005-04-15 00:00:00,413,175459155.16,
2005-03-31 00:00:00,2005-04-25 00:00:00,1655,8279319.66,
2005-03-31 00:00:00,2005-04-15 00:00:00,372,-55323206.26,
2005-03-31 00:00:00,2006-04-29 00:00:00,1655,8279319.66,
2005-03-31 00:00:00,2005-04-20 00:00:00,257,147370535.0,
2005-03-31 00:00:00,2005-04-30 00:00:00,1450,128555319.28,
2005-03-31 00:00:00,2006-04-27 00:00:00,1450,128555319.28,
2004-12-31 00:00:00,2005-04-02 00:00:00,1655,54353661.49,
2004-12-31 00:00:00,2006-04-29 00:00:00,1655,54353661.49,
2004-12-31 00:00:00,2005-03-26 00:00:00,1450,363575031.31,
2004-12-31 00:00:00,2005-02-21 00:00:00,372,267654469.0,
2004-12-31 00:00:00,2005-03-15 00:00:00,413,618571790.31,
2004-12-31 00:00:00,2005-03-18 00:00:00,257,2557236215.0,
2004-12-31 00:00:00,2006-02-18 00:00:00,1450,363575031.31,
2004-09-30 00:00:00,2004-10-22 00:00:00,1655,45461467.7,
2004-09-30 00:00:00,2005-10-22 00:00:00,1655,45461467.7,
2004-09-30 00:00:00,2004-10-23 00:00:00,1450,275851151.51,
2004-09-30 00:00:00,2005-10-27 00:00:00,1450,275851151.51,
2004-09-30 00:00:00,2005-10-21 00:00:00,372,156789492.17,
2004-09-30 00:00:00,2004-10-15 00:00:00,413,428846221.77,
2004-09-30 00:00:00,2005-10-20 00:00:00,413,428846221.77,
2004-09-30 00:00:00,2004-10-26 00:00:00,257,2238142282.0,
2004-09-30 00:00:00,2005-10-29 00:00:00,257,2238142282.0,
2004-09-30 00:00:00,2004-10-15 00:00:00,372,156789492.17,
2004-06-30 00:00:00,2004-08-18 00:00:00,1655,30480600.19,
2004-06-30 00:00:00,2004-07-24 00:00:00,372,146157417.37,
2004-06-30 00:00:00,2005-08-13 00:00:00,257,592302346.0,
2004-06-30 00:00:00,2004-07-29 00:00:00,257,592302346.0,
2004-06-30 00:00:00,2004-08-18 00:00:00,1450,163910657.97,
2004-06-30 00:00:00,2005-07-29 00:00:00,413,281171574.66,
2004-06-30 00:00:00,2004-07-29 00:00:00,413,281171574.66,
2004-06-30 00:00:00,2005-08-02 00:00:00,372,146157417.37,
2004-06-30 00:00:00,2005-08-19 00:00:00,1450,163910657.97,
2004-06-30 00:00:00,2005-08-30 00:00:00,1655,30480690.19,
2004-03-31 00:00:00,2005-04-15 00:00:00,413,147236761.27,
2004-03-31 00:00:00,2004-04-21 00:00:00,257,251737505.0,
2004-03-31 00:00:00,2004-04-17 00:00:00,413,147236761.27,
2004-03-31 00:00:00,2005-04-20 00:00:00,257,251737505.0,
2004-03-31 00:00:00,2004-04-16 00:00:00,1655,12561198.26,
2004-03-31 00:00:00,2005-04-30 00:00:00,1450,73163032.43,
2004-03-31 00:00:00,2004-04-22 00:00:00,372,55957863.9,
2004-03-31 00:00:00,2005-04-25 00:00:00,1655,12561198.26,
2004-03-31 00:00:00,2005-04-15 00:00:00,372,55957863.9,
2004-03-31 00:00:00,2004-04-24 00:00:00,1450,73163032.43,
2003-12-31 00:00:00,2004-03-27 00:00:00,1655,21250471.96,
2003-12-31 00:00:00,2004-03-18 00:00:00,413,538107586.92,
2003-12-31 00:00:00,2005-03-15 00:00:00,413,538107586.92,
2003-12-31 00:00:00,2005-03-18 00:00:00,257,422239682.0,
2003-12-31 00:00:00,2004-03-19 00:00:00,1450,173731456.67,
2003-12-31 00:00:00,2004-03-16 00:00:00,372,14256435.0,
2003-12-31 00:00:00,2005-04-02 00:00:00,1655,21250471.96,
2003-12-31 00:00:00,2005-02-21 00:00:00,372,14256435.0,
2003-12-31 00:00:00,2005-03-26 00:00:00,1450,173731456.67,
2003-12-31 00:00:00,2004-04-21 00:00:00,257,422239682.0,
2003-09-30 00:00:00,2003-10-24 00:00:00,413,447626059.2,
2003-09-30 00:00:00,2004-10-23 00:00:00,1450,153155091.16,
2003-09-30 00:00:00,2004-10-22 00:00:00,1655,17243259.25,
2003-09-30 00:00:00,2003-10-24 00:00:00,1655,17243259.25,
2003-09-30 00:00:00,2004-10-15 00:00:00,372,59917651.02,
2003-09-30 00:00:00,2003-10-22 00:00:00,372,59917651.02,
2003-09-30 00:00:00,2004-10-26 00:00:00,257,345913903.0,
2003-09-30 00:00:00,2003-10-25 00:00:00,257,345913903.0,
2003-09-30 00:00:00,2003-10-23 00:00:00,1450,153155091.16,
2003-09-30 00:00:00,2004-10-15 00:00:00,413,447626059.2,
2003-06-30 00:00:00,2004-08-18 00:00:00,1655,13161271.87,
2003-06-30 00:00:00,2004-07-29 00:00:00,413,312369401.25,
2003-06-30 00:00:00,2003-07-24 00:00:00,372,33400002.71,
2003-06-30 00:00:00,2004-07-24 00:00:00,372,33400002.71,
2003-06-30 00:00:00,2004-07-29 00:00:00,257,239510820.0,
2003-06-30 00:00:00,2003-08-26 00:00:00,1450,104893174.86,
2003-06-30 00:00:00,2003-08-01 00:00:00,257,239510820.0,
2003-06-30 00:00:00,2003-08-05 00:00:00,413,312369401.25,
2003-06-30 00:00:00,2004-08-18 00:00:00,1450,104893174.86,
2003-06-30 00:00:00,2003-08-16 00:00:00,1655,13161271.87,
2003-03-31 00:00:00,2004-04-17 00:00:00,413,169161246.38,
2003-03-31 00:00:00,2003-04-16 00:00:00,413,169161246.38,
2003-03-31 00:00:00,2003-04-23 00:00:00,1450,52928517.03,
2003-03-31 00:00:00,2003-04-17 00:00:00,372,19693209.0,
2003-03-31 00:00:00,2004-04-16 00:00:00,1655,9290541.98,
2003-03-31 00:00:00,2004-04-22 00:00:00,372,19693209.41,
2003-03-31 00:00:00,2004-04-21 00:00:00,257,189879472.0,
2003-03-31 00:00:00,2003-04-25 00:00:00,257,189879472.0,
2003-03-31 00:00:00,2004-04-24 00:00:00,1450,52928517.03,
2003-03-31 00:00:00,2003-04-30 00:00:00,1655,9290541.98,
2002-12-31 00:00:00,2003-03-26 00:00:00,413,397864408.74,
2002-12-31 00:00:00,2004-03-16 00:00:00,372,12610250.0,
2002-12-31 00:00:00,2004-03-27 00:00:00,1655,3889788.42,
2002-12-31 00:00:00,2004-04-21 00:00:00,257,-1031388025.0,
2002-12-31 00:00:00,2004-03-18 00:00:00,413,397864408.74,
2002-12-31 00:00:00,2003-03-25 00:00:00,372,12610250.0,
2002-12-31 00:00:00,2003-04-12 00:00:00,1655,4572909.52,
2002-12-31 00:00:00,2004-03-19 00:00:00,1450,169425619.41,
2002-12-31 00:00:00,2003-03-13 00:00:00,1450,169425619.41,
2002-12-31 00:00:00,2003-04-25 00:00:00,257,-1031388025.0,
2002-09-30 00:00:00,2002-10-25 00:00:00,413,310177855.87,
2002-09-30 00:00:00,2002-10-25 00:00:00,1655,-32761889.3,
2002-09-30 00:00:00,2003-10-24 00:00:00,1655,-32761889.3,
2002-09-30 00:00:00,2003-10-22 00:00:00,372,29682289.79,
2002-09-30 00:00:00,2002-10-23 00:00:00,372,29682289.79,
2002-09-30 00:00:00,2003-10-25 00:00:00,257,-662234997.0,
2002-09-30 00:00:00,2002-10-31 00:00:00,257,-662234997.0,
2002-09-30 00:00:00,2003-10-23 00:00:00,1450,131976820.56,
2002-09-30 00:00:00,2002-10-31 00:00:00,1450,131976820.56,
2002-09-30 00:00:00,2003-10-24 00:00:00,413,310177855.87,
2002-06-30 00:00:00,2003-08-26 00:00:00,1450,98387637.0,
2002-06-30 00:00:00,2003-08-05 00:00:00,413,178357612.35,
2002-06-30 00:00:00,2002-08-15 00:00:00,413,178357612.35,
2002-06-30 00:00:00,2002-08-16 00:00:00,1450,98387637.0,
2002-06-30 00:00:00,2002-07-18 00:00:00,372,13945427.72,
2002-06-30 00:00:00,2003-08-01 00:00:00,257,-353410603.0,
2002-06-30 00:00:00,2002-08-24 00:00:00,1655,5579269.99,
2002-06-30 00:00:00,2003-08-16 00:00:00,1655,5579269.99,
2002-06-30 00:00:00,2002-08-23 00:00:00,257,-353410603.0,
2002-06-30 00:00:00,2003-07-24 00:00:00,372,13945427.72,
2002-03-31 00:00:00,2002-04-17 00:00:00,372,-47539810.55,
2002-03-31 00:00:00,2002-04-25 00:00:00,1450,50846135.68,
2002-03-31 00:00:00,2003-04-25 00:00:00,257,-111049165.0,
2002-03-31 00:00:00,2002-04-17 00:00:00,413,66161874.95,
2002-03-31 00:00:00,2003-04-23 00:00:00,1450,50846135.68,
2002-03-31 00:00:00,2002-04-29 00:00:00,257,-111049165.0,
2002-03-31 00:00:00,2003-04-30 00:00:00,1655,2301190.84,
2002-03-31 00:00:00,2003-04-17 00:00:00,372,-47539810.0,
2002-03-31 00:00:00,2003-04-16 00:00:00,413,66161874.95,
2002-03-31 00:00:00,2002-04-29 00:00:00,1655,2301190.84,
2001-12-31 00:00:00,2002-04-18 00:00:00,1655,21278219.18,
2001-12-31 00:00:00,2002-03-22 00:00:00,372,111430612.0,
2001-12-31 00:00:00,2003-04-25 00:00:00,257,-1801607833.0,
2001-12-31 00:00:00,2002-04-23 00:00:00,257,-1801607833.0,
2001-12-31 00:00:00,2003-03-13 00:00:00,1450,165454534.37,
2001-12-31 00:00:00,2002-02-27 00:00:00,1450,165454534.37,
2001-12-31 00:00:00,2003-03-26 00:00:00,413,364192233.56,
2001-12-31 00:00:00,2002-04-02 00:00:00,413,347211149.07,
2001-12-31 00:00:00,2003-04-12 00:00:00,1655,13775908.12,
2001-12-31 00:00:00,2003-03-25 00:00:00,372,111430612.0,
2001-09-30 00:00:00,2002-10-31 00:00:00,1450,95460843.0,
2001-09-30 00:00:00,2001-10-26 00:00:00,1450,95460843.0,
2001-06-30 00:00:00,2001-08-24 00:00:00,1450,66714859.58,
2001-06-30 00:00:00,2001-08-14 00:00:00,372,117678790.78,
2001-06-30 00:00:00,2001-08-08 00:00:00,1655,43732664.21,
2001-06-30 00:00:00,2001-08-17 00:00:00,257,-640775168.0,
2001-06-30 00:00:00,2001-07-27 00:00:00,413,215384463.59,
2001-06-30 00:00:00,2002-07-18 00:00:00,372,117678790.78,
2001-06-30 00:00:00,2002-08-24 00:00:00,1655,39954344.37,
2001-06-30 00:00:00,2002-08-16 00:00:00,1450,66714859.58,
2001-06-30 00:00:00,2002-08-23 00:00:00,257,-640775168.0,
2001-06-30 00:00:00,2002-08-15 00:00:00,413,215384463.59,
2000-12-31 00:00:00,2001-03-23 00:00:00,372,65927096.49,
2000-12-31 00:00:00,2001-04-07 00:00:00,1655,106054881.84,
2000-12-31 00:00:00,2002-04-23 00:00:00,257,-861609624.0,
2000-12-31 00:00:00,2002-04-18 00:00:00,1655,101936496.62,
2000-12-31 00:00:00,2002-03-22 00:00:00,372,-10639116.0,
2000-12-31 00:00:00,2001-02-20 00:00:00,413,461065679.48,
2000-12-31 00:00:00,2002-02-27 00:00:00,1450,113575647.97,
2000-12-31 00:00:00,2002-04-02 00:00:00,413,438013105.32,
2000-12-31 00:00:00,2001-07-31 00:00:00,1450,103138887.91,
2000-12-31 00:00:00,2001-03-30 00:00:00,257,-861609624.0,
2000-09-30 00:00:00,2001-10-26 00:00:00,1450,72695731.26,
2000-09-30 00:00:00,2001-10-26 00:00:00,1450,72695731.26,
2000-06-30 00:00:00,2000-08-16 00:00:00,257,55757040.0,
2000-06-30 00:00:00,2000-08-23 00:00:00,413,200504583.87,
2000-06-30 00:00:00,2001-08-17 00:00:00,257,55756456.0,
2000-06-30 00:00:00,2001-08-08 00:00:00,1655,80167799.61,
2000-06-30 00:00:00,2000-08-22 00:00:00,372,-178160706.42,
2000-06-30 00:00:00,2000-07-28 00:00:00,1655,80167799.61,
2000-06-30 00:00:00,2001-08-14 00:00:00,372,-178160706.42,
2000-06-30 00:00:00,2001-07-27 00:00:00,413,200504583.87,
1999-12-31 00:00:00,2000-03-28 00:00:00,372,5079607.73,
1999-12-31 00:00:00,2001-03-23 00:00:00,372,3942589.66,
1999-12-31 00:00:00,2001-04-07 00:00:00,1655,138091923.47,
1999-12-31 00:00:00,2001-07-31 00:00:00,1450,71179556.45,
1999-12-31 00:00:00,2000-03-22 00:00:00,1655,138091923.47,
1999-12-31 00:00:00,2001-03-30 00:00:00,257,150519877.0,
1999-12-31 00:00:00,2000-04-12 00:00:00,257,150519877.0,
1999-12-31 00:00:00,2000-04-14 00:00:00,413,164752333.08,
1999-12-31 00:00:00,2001-02-20 00:00:00,413,164752333.08,
1999-06-30 00:00:00,2000-07-28 00:00:00,1655,41392367.26,
1999-06-30 00:00:00,2000-08-22 00:00:00,372,45964288.97,
1999-06-30 00:00:00,1999-08-25 00:00:00,257,46560872.0,
1999-06-30 00:00:00,1999-08-19 00:00:00,372,45964288.97,
1999-06-30 00:00:00,2000-08-23 00:00:00,413,1762162.14,
1999-06-30 00:00:00,1999-08-06 00:00:00,1655,41392367.26,
1999-06-30 00:00:00,2000-08-16 00:00:00,257,46560872.0,
1999-06-30 00:00:00,1999-08-24 00:00:00,413,1762162.14,
1998-12-31 00:00:00,1999-03-24 00:00:00,257,63413099.0,
1998-12-31 00:00:00,2000-04-14 00:00:00,413,138924433.64,
1998-12-31 00:00:00,1999-04-02 00:00:00,1655,55945390.02,
1998-12-31 00:00:00,2001-07-31 00:00:00,1450,98371628.2,
1998-12-31 00:00:00,2000-04-12 00:00:00,257,63413099.0,
1998-12-31 00:00:00,1999-04-15 00:00:00,413,138924433.64,
1998-12-31 00:00:00,1999-02-05 00:00:00,372,151223188.76,
1998-12-31 00:00:00,2000-03-28 00:00:00,372,99321188.82,
1998-12-31 00:00:00,2000-03-22 00:00:00,1655,58589272.97,
1998-06-30 00:00:00,1998-08-15 00:00:00,372,8414581.44,
1998-06-30 00:00:00,1999-08-25 00:00:00,257,41829117.0,
1998-06-30 00:00:00,1998-08-20 00:00:00,257,41829117.0,
1998-06-30 00:00:00,1999-08-19 00:00:00,372,8414581.44,
1998-06-30 00:00:00,1998-08-11 00:00:00,1655,8741120.92,
1998-06-30 00:00:00,1999-08-24 00:00:00,413,101735672.79,
1998-06-30 00:00:00,1998-08-18 00:00:00,413,101735672.79,
1998-06-30 00:00:00,1999-08-06 00:00:00,1655,8741120.92,
1997-12-31 00:00:00,1999-03-24 00:00:00,257,94969921.0,
1997-12-31 00:00:00,1998-03-15 00:00:00,1655,57667021.84,
1997-12-31 00:00:00,1999-02-05 00:00:00,372,179166719.23,
1997-12-31 00:00:00,1998-04-10 00:00:00,413,206634246.67,
1997-12-31 00:00:00,1998-04-08 00:00:00,257,94969921.0,
1997-12-31 00:00:00,1998-04-01 00:00:00,372,181067552.36,
1997-12-31 00:00:00,1999-04-02 00:00:00,1655,57667021.84,
1997-12-31 00:00:00,1999-04-15 00:00:00,413,206634246.67,
1997-06-30 00:00:00,1998-08-11 00:00:00,1655,30177134.89,
1997-06-30 00:00:00,1997-08-08 00:00:00,372,73746258.33,
1997-06-30 00:00:00,1997-08-08 00:00:00,257,104262049.0,
1997-06-30 00:00:00,1998-04-10 00:00:00,413,121196560.48,
1997-06-30 00:00:00,1998-08-15 00:00:00,372,73746258.33,
1997-06-30 00:00:00,1998-08-20 00:00:00,257,104262049.0,
1997-06-30 00:00:00,1997-08-14 00:00:00,1655,30177134.89,
1997-06-30 00:00:00,1998-08-18 00:00:00,413,121196560.48,
1996-12-31 00:00:00,1997-04-17 00:00:00,1655,61168117.0,
1996-12-31 00:00:00,1997-08-08 00:00:00,372,162708338.22,
1996-12-31 00:00:00,1997-04-22 00:00:00,257,251712001.0,
1996-12-31 00:00:00,1998-04-10 00:00:00,413,264195340.64,
1996-06-30 00:00:00,1996-08-20 00:00:00,1655,41053841.32,
1996-06-30 00:00:00,1996-09-20 00:00:00,257,307324459.0,
1995-12-31 00:00:00,1996-03-18 00:00:00,1655,72033708.0,
1995-12-31 00:00:00,1998-04-10 00:00:00,413,285495187.61,
1995-12-31 00:00:00,1996-09-20 00:00:00,257,742638817.0,
1995-12-31 00:00:00,1997-08-08 00:00:00,372,160893584.19,
1995-06-30 00:00:00,1996-03-18 00:00:00,1655,42280433.79,
1994-12-31 00:00:00,1997-08-08 00:00:00,372,176511854.57,
1994-12-31 00:00:00,1996-03-18 00:00:00,1655,25901306.0,
1993-12-31 00:00:00,1996-03-18 00:00:00,1655,19193438.0,
,,,,
